userId,password,userName,email,zonalCode,branchCode,thanaCode,userRole
110011,PDkjvhWk,Admin User 1,admin1@instance.com,,,,admin
110012,dBhjJeXS,Admin User 2,admin2@instance.com,,,,admin
110013,2aZcFRuV,Admin User 3,admin3@instance.com,,,,admin
120001,FWJjdAWd,Zonal User 1,zonal1@instance.com,1,,,zonal
120002,CMyfmiMa,Zonal User 2,zonal2@instance.com,2,,,zonal
120003,dhT3Ka4r,Zonal User 3,zonal3@instance.com,3,,,zonal
120004,Emcp4kn4,Zonal User 4,zonal4@instance.com,4,,,zonal
120005,mvShBYtn,Zonal User 5,zonal5@instance.com,5,,,zonal
120006,xA2ZmEwG,Zonal User 6,zonal6@instance.com,6,,,zonal
120007,9GJqUuAA,Zonal User 7,zonal7@instance.com,7,,,zonal
120008,9baW66E9,Zonal User 8,zonal8@instance.com,8,,,zonal
120009,a3iDrSyN,Zonal User 9,zonal9@instance.com,9,,,zonal
120010,kfzdm2gR,Zonal User 10,zonal10@instance.com,10,,,zonal
120011,TjGSQska,Zonal User 11,zonal11@instance.com,11,,,zonal
120012,3Gmphwaf,Zonal User 12,zonal12@instance.com,12,,,zonal
120013,rHyyHT5h,Zonal User 13,zonal13@instance.com,13,,,zonal
120014,fP5d6ZMU,Zonal User 14,zonal14@instance.com,14,,,zonal
120015,Y8hrTmDC,Zonal User 15,zonal15@instance.com,15,,,zonal
120016,KhNAeGiE,Zonal User 16,zonal16@instance.com,16,,,zonal
120017,VE7Uxds2,Zonal User 17,zonal17@instance.com,17,,,zonal
120018,kVPkf8MC,Zonal User 18,zonal18@instance.com,18,,,zonal
120019,mNi3vkPP,Zonal User 19,zonal19@instance.com,19,,,zonal
120020,sXSScEX7,Zonal User 20,zonal20@instance.com,20,,,zonal
1,SChScgex,Branch User 1,branch1@instance.com,1,1,,branch
2,ztZ3hwGc,Branch User 2,branch2@instance.com,1,2,,branch
3,6Jimns9M,Branch User 3,branch3@instance.com,1,3,,branch
4,fPAuU8xi,Branch User 4,branch4@instance.com,1,4,,branch
5,wrXUZBVu,Branch User 5,branch5@instance.com,1,5,,branch
6,VfyXfBN7,Branch User 6,branch6@instance.com,1,6,,branch
7,zcytEJSP,Branch User 7,branch7@instance.com,1,7,,branch
8,W3geExue,Branch User 8,branch8@instance.com,2,8,,branch
9,7QcvFdkc,Branch User 9,branch9@instance.com,2,9,,branch
11,g6EaJUq4,Branch User 11,branch11@instance.com,2,11,,branch
12,rhDAY9f8,Branch User 12,branch12@instance.com,2,12,,branch
13,X2BYDhPj,Branch User 13,branch13@instance.com,2,13,,branch
14,MYRjJkPC,Branch User 14,branch14@instance.com,2,14,,branch
15,edFBjCqi,Branch User 15,branch15@instance.com,2,15,,branch
16,ZqdRTBu9,Branch User 16,branch16@instance.com,3,16,,branch
17,VRdCsKCX,Branch User 17,branch17@instance.com,3,17,,branch
18,JrzgHDnB,Branch User 18,branch18@instance.com,3,18,,branch
19,2nerGs2f,Branch User 19,branch19@instance.com,3,19,,branch
21,rwwYhDQu,Branch User 21,branch21@instance.com,3,21,,branch
23,CfxSPKjA,Branch User 23,branch23@instance.com,3,23,,branch
24,WmA6P2WM,Branch User 24,branch24@instance.com,3,24,,branch
25,JtsiqB78,Branch User 25,branch25@instance.com,4,25,,branch
26,nkW7EBgV,Branch User 26,branch26@instance.com,4,26,,branch
28,9wPbSEfe,Branch User 28,branch28@instance.com,4,28,,branch
30,3KYPXNAG,Branch User 30,branch30@instance.com,4,30,,branch
31,ykFfTUJa,Branch User 31,branch31@instance.com,4,31,,branch
32,HYSMepsq,Branch User 32,branch32@instance.com,4,32,,branch
33,9auMedJZ,Branch User 33,branch33@instance.com,4,33,,branch
34,NZSKPCER,Branch User 34,branch34@instance.com,5,34,,branch
35,3cZWAsmd,Branch User 35,branch35@instance.com,5,35,,branch
36,RrBp6jVW,Branch User 36,branch36@instance.com,5,36,,branch
37,VBqY3CE9,Branch User 37,branch37@instance.com,5,37,,branch
38,ndRkMXPx,Branch User 38,branch38@instance.com,5,38,,branch
39,fkeTD2FS,Branch User 39,branch39@instance.com,5,39,,branch
40,8B88Cfyn,Branch User 40,branch40@instance.com,5,40,,branch
41,SwzKjFb3,Branch User 41,branch41@instance.com,6,41,,branch
42,NsJ7S67B,Branch User 42,branch42@instance.com,6,42,,branch
43,gMq7c7bP,Branch User 43,branch43@instance.com,6,43,,branch
44,WRr7QXce,Branch User 44,branch44@instance.com,6,44,,branch
46,sdmmzt4r,Branch User 46,branch46@instance.com,6,46,,branch
47,B4AKapZ3,Branch User 47,branch47@instance.com,6,47,,branch
48,zcZbPNMT,Branch User 48,branch48@instance.com,6,48,,branch
50,awnrUZWe,Branch User 50,branch50@instance.com,7,50,,branch
51,T4cwNiRH,Branch User 51,branch51@instance.com,7,51,,branch
52,FS8bSCG9,Branch User 52,branch52@instance.com,7,52,,branch
53,eyGDehfQ,Branch User 53,branch53@instance.com,7,53,,branch
54,YKeEtSDN,Branch User 54,branch54@instance.com,7,54,,branch
56,b9krpTXB,Branch User 56,branch56@instance.com,7,56,,branch
57,uSMiaZTb,Branch User 57,branch57@instance.com,7,57,,branch
58,6FbdrwFh,Branch User 58,branch58@instance.com,8,58,,branch
59,UVh4P7mW,Branch User 59,branch59@instance.com,8,59,,branch
60,aWNWcG3u,Branch User 60,branch60@instance.com,8,60,,branch
61,jyfCE7AB,Branch User 61,branch61@instance.com,8,61,,branch
62,t6fHw7Mc,Branch User 62,branch62@instance.com,8,62,,branch
63,4bRhUcTh,Branch User 63,branch63@instance.com,8,63,,branch
64,6Da2kZCp,Branch User 64,branch64@instance.com,8,64,,branch
65,aRcSFVBq,Branch User 65,branch65@instance.com,9,65,,branch
66,CWvEbR5b,Branch User 66,branch66@instance.com,9,66,,branch
67,9QjG6Kyg,Branch User 67,branch67@instance.com,9,67,,branch
68,MmgW8Vgu,Branch User 68,branch68@instance.com,9,68,,branch
69,UD9JVTuK,Branch User 69,branch69@instance.com,9,69,,branch
70,kyk4eTw3,Branch User 70,branch70@instance.com,9,70,,branch
71,JXQkQ2HY,Branch User 71,branch71@instance.com,9,71,,branch
72,v3fN5fWe,Branch User 72,branch72@instance.com,10,72,,branch
73,g5pDesfX,Branch User 73,branch73@instance.com,10,73,,branch
74,XYbezz2j,Branch User 74,branch74@instance.com,10,74,,branch
75,Q5HUgn86,Branch User 75,branch75@instance.com,10,75,,branch
76,hyTjDn2B,Branch User 76,branch76@instance.com,10,76,,branch
77,eZysAHDZ,Branch User 77,branch77@instance.com,10,77,,branch
78,RFShMdCu,Branch User 78,branch78@instance.com,10,78,,branch
79,4paxCCYc,Branch User 79,branch79@instance.com,11,79,,branch
80,QFxqSksB,Branch User 80,branch80@instance.com,11,80,,branch
81,zYunk6jM,Branch User 81,branch81@instance.com,11,81,,branch
83,X9RAvGMv,Branch User 83,branch83@instance.com,11,83,,branch
84,UnfdF5cJ,Branch User 84,branch84@instance.com,11,84,,branch
86,JdfartPC,Branch User 86,branch86@instance.com,11,86,,branch
87,eRuPTHEm,Branch User 87,branch87@instance.com,11,87,,branch
88,BqqaVQXd,Branch User 88,branch88@instance.com,12,88,,branch
89,s2HnNWdU,Branch User 89,branch89@instance.com,12,89,,branch
90,jQKzCUXw,Branch User 90,branch90@instance.com,12,90,,branch
91,TzjW5YGM,Branch User 91,branch91@instance.com,12,91,,branch
92,xCnhPFFy,Branch User 92,branch92@instance.com,12,92,,branch
93,XvXWCHUy,Branch User 93,branch93@instance.com,12,93,,branch
94,8wWj5eXC,Branch User 94,branch94@instance.com,12,94,,branch
95,9ATihHUv,Branch User 95,branch95@instance.com,13,95,,branch
96,dYbgGfEF,Branch User 96,branch96@instance.com,13,96,,branch
97,43C6pVwa,Branch User 97,branch97@instance.com,13,97,,branch
98,GyFrZXhW,Branch User 98,branch98@instance.com,13,98,,branch
99,B9CAQ4AB,Branch User 99,branch99@instance.com,13,99,,branch
100,PShdtZTc,Branch User 100,branch100@instance.com,13,100,,branch
101,xmYvCRCJ,Branch User 101,branch101@instance.com,13,101,,branch
102,nG2CU2mY,Branch User 102,branch102@instance.com,14,102,,branch
103,mSJQSKm9,Branch User 103,branch103@instance.com,14,103,,branch
104,QZxzu8zU,Branch User 104,branch104@instance.com,14,104,,branch
105,kHGZkUBe,Branch User 105,branch105@instance.com,14,105,,branch
106,aWFWhWm5,Branch User 106,branch106@instance.com,14,106,,branch
107,smFn2Z3n,Branch User 107,branch107@instance.com,14,107,,branch
108,vqQ99f8y,Branch User 108,branch108@instance.com,14,108,,branch
109,hQGDwBef,Branch User 109,branch109@instance.com,15,109,,branch
110,rhcY5tae,Branch User 110,branch110@instance.com,15,110,,branch
111,6zyrMHGt,Branch User 111,branch111@instance.com,15,111,,branch
112,nFX84FUV,Branch User 112,branch112@instance.com,15,112,,branch
113,jrY4HFkU,Branch User 113,branch113@instance.com,15,113,,branch
114,UFrmwePj,Branch User 114,branch114@instance.com,15,114,,branch
115,4RWHATQH,Branch User 115,branch115@instance.com,15,115,,branch
116,2k73xru5,Branch User 116,branch116@instance.com,16,116,,branch
117,wYXDaCgQ,Branch User 117,branch117@instance.com,16,117,,branch
118,Y3YwRz53,Branch User 118,branch118@instance.com,16,118,,branch
119,tmXPakfx,Branch User 119,branch119@instance.com,16,119,,branch
120,EHr4H8GP,Branch User 120,branch120@instance.com,16,120,,branch
121,DDB2sDzY,Branch User 121,branch121@instance.com,16,121,,branch
122,fJ9wW5H9,Branch User 122,branch122@instance.com,16,122,,branch
124,EdnvQS4h,Branch User 124,branch124@instance.com,17,124,,branch
125,HuAikcKM,Branch User 125,branch125@instance.com,17,125,,branch
126,ZgZwv3sk,Branch User 126,branch126@instance.com,17,126,,branch
127,tjFUxreR,Branch User 127,branch127@instance.com,17,127,,branch
128,y2yvv5Qc,Branch User 128,branch128@instance.com,17,128,,branch
129,C84V9VDZ,Branch User 129,branch129@instance.com,17,129,,branch
130,6QnJzziv,Branch User 130,branch130@instance.com,17,130,,branch
132,cbfRs3yb,Branch User 132,branch132@instance.com,18,132,,branch
134,nJ6bbE7X,Branch User 134,branch134@instance.com,18,134,,branch
135,UcvzNdiq,Branch User 135,branch135@instance.com,18,135,,branch
136,ArjMYUBA,Branch User 136,branch136@instance.com,18,136,,branch
137,sGS5CfRS,Branch User 137,branch137@instance.com,18,137,,branch
139,sWjFjJV9,Branch User 139,branch139@instance.com,18,139,,branch
141,5WYkEx8R,Branch User 141,branch141@instance.com,18,141,,branch
142,muJEHENg,Branch User 142,branch142@instance.com,19,142,,branch
143,5gm5gWdB,Branch User 143,branch143@instance.com,19,143,,branch
144,4WuQgT6k,Branch User 144,branch144@instance.com,19,144,,branch
145,My2DiUhg,Branch User 145,branch145@instance.com,19,145,,branch
146,jWkiRJBV,Branch User 146,branch146@instance.com,19,146,,branch
147,6uu8RAR7,Branch User 147,branch147@instance.com,19,147,,branch
148,JBBJkdnD,Branch User 148,branch148@instance.com,20,148,,branch
149,wWJzt9Zi,Branch User 149,branch149@instance.com,20,149,,branch
401,gdt8c3AQ,Branch User 401,branch401@instance.com,20,401,,branch
403,p5cs36wY,Branch User 403,branch403@instance.com,20,403,,branch
404,U65CeyNz,Branch User 404,branch404@instance.com,20,404,,branch
405,EWXN5hpb,Branch User 405,branch405@instance.com,20,405,,branch
113,V56thJWn,আই এইচটি,thana113@instance.com,1,1,113,thana
131,tpc392xv,ইংলিশ মিডিয়াম উত্তরা,thana131@instance.com,1,1,131,thana
130,fXgKfikC,ইংলিশ মিডিয়াম গুলশান,thana130@instance.com,1,1,130,thana
134,3Pkax4SD,উচ্চারণ শিল্পীগোষ্ঠী,thana134@instance.com,1,1,134,thana
121,evipJjab,উত্তরখান,thana121@instance.com,1,1,121,thana
123,8WEiYCNz,উত্তরা পশ্চিম,thana123@instance.com,1,1,123,thana
122,gB9er96t,উত্তরা পূর্ব,thana122@instance.com,1,1,122,thana
109,CmCnRitK,খিলক্ষেত,thana109@instance.com,1,1,109,thana
107,CWcpbY6H,গুলশান,thana107@instance.com,1,1,107,thana
114,QagJmdtW,ডিপিআই,thana114@instance.com,1,1,114,thana
135,F9EfRhht,ডিবেট,thana135@instance.com,1,1,135,thana
137,bpnCv5hY,তুরাগ উত্তর,thana137@instance.com,1,1,137,thana
125,3pdvpAdU,তুরাগ দক্ষিণ,thana125@instance.com,1,1,125,thana
110,2KedMip3,তেজগাঁও,thana110@instance.com,1,1,110,thana
111,QVHfnGQb,তেজগাঁও শিল্পাঞ্চল,thana111@instance.com,1,1,111,thana
119,VWCah3AD,দক্ষিণখান উত্তর,thana119@instance.com,1,1,119,thana
120,frZA6TnD,দক্ষিণখান দক্ষিণ,thana120@instance.com,1,1,120,thana
102,PpBUCpZ7,বনশ্রী,thana102@instance.com,1,1,102,thana
117,ResFiTvv,বনানী,thana117@instance.com,1,1,117,thana
105,KHkktgdG,বাড্ডা উত্তর,thana105@instance.com,1,1,105,thana
106,CRw7FwTX,বাড্ডা দক্ষিণ,thana106@instance.com,1,1,106,thana
118,SmzDbSRJ,বিমানবন্দর,thana118@instance.com,1,1,118,thana
115,EZNizXX8,বুটেক্স,thana115@instance.com,1,1,115,thana
108,XrTfmA3Y,ভাটারা,thana108@instance.com,1,1,108,thana
112,fDkdG2PZ,মাদরাসা জোন,thana112@instance.com,1,1,112,thana
132,gvsreJSJ,মেডিকেল জোন,thana132@instance.com,1,1,132,thana
101,NjSDYyYp,রামপুরা,thana101@instance.com,1,1,101,thana
129,E85AZnUw,শিশুকল্যাণ উত্তরা,thana129@instance.com,1,1,129,thana
128,95CWx8cb,শিশুকল্যাণ গুলশান,thana128@instance.com,1,1,128,thana
116,bREFBuzz,সরকারী তিতুমীর কলেজ,thana116@instance.com,1,1,116,thana
133,tbZ6XZTN,সাংবাদিক ফোরাম,thana133@instance.com,1,1,133,thana
136,VKUkxmSV,সাহিত্য সভা,thana136@instance.com,1,1,136,thana
127,7mKzR4Ct,স্কুল উত্তরা,thana127@instance.com,1,1,127,thana
126,9YEHcHkr,স্কুল তেজগাঁও,thana126@instance.com,1,1,126,thana
104,wVMvHPJJ,হাতিরঝিল পশ্চিম,thana104@instance.com,1,1,104,thana
103,DAWmDuN5,হাতিরঝিল পূর্ব,thana103@instance.com,1,1,103,thana
223,69ny7Kxy,অনুপম,thana223@instance.com,1,2,223,thana
222,DZuXwSFK,ইংলিশ মিডিয়াম,thana222@instance.com,1,2,222,thana
217,GN2sHNaW,ওয়ারী,thana217@instance.com,1,2,217,thana
206,btmq2Xaa,কদমতলী,thana206@instance.com,1,2,206,thana
208,kn8DKR8V,কদমতলী উত্তর,thana208@instance.com,1,2,208,thana
219,bUEi6QgJ,কদমতলী পশ্চিম,thana219@instance.com,1,2,219,thana
216,MueMTW6h,কবি নজরুল,thana216@instance.com,1,2,216,thana
210,36zZCZwq,ক্যাম্পাস,thana210@instance.com,1,2,210,thana
220,xvnZqXwu,গেন্ডারিয়া,thana220@instance.com,1,2,220,thana
201,nFSP48gp,ডেমরা উত্তর,thana201@instance.com,1,2,201,thana
202,dY9XPV52,ডেমরা দক্ষিণ,thana202@instance.com,1,2,202,thana
209,4BVurTyu,দনিয়া কলেজ,thana209@instance.com,1,2,209,thana
224,nzZwWaCK,প্রচার বিভাগ,thana224@instance.com,1,2,224,thana
204,Xw4uXcwN,মাতুয়াইল পূর্ব,thana204@instance.com,1,2,204,thana
203,rVRdXeAu,মাদরাসা,thana203@instance.com,1,2,203,thana
211,2qNMHgmf,মিল্লাত আবাসিক,thana211@instance.com,1,2,211,thana
205,J7ryjww6,যাত্রাবাড়ি পূর্ব,thana205@instance.com,1,2,205,thana
213,9y6hNjnV,যাত্রাবাড়ী,thana213@instance.com,1,2,213,thana
212,W2XSeDER,যাত্রাবাড়ী পশ্চিম,thana212@instance.com,1,2,212,thana
221,iWfbHmgT,শিশুকল্যাণ,thana221@instance.com,1,2,221,thana
218,Kkay3MtX,শ্যামপুর,thana218@instance.com,1,2,218,thana
214,PPaUcYgg,সুত্রাপুর,thana214@instance.com,1,2,214,thana
215,3DKAZpMz,সোহরাওয়ার্দী,thana215@instance.com,1,2,215,thana
207,Tf2Fv4w7,স্কুল,thana207@instance.com,1,2,207,thana
322,Zr2hS3Es,বাংলাদেশ ইসলামী বিশ্ববিদ্যালয়,thana322@instance.com,1,3,322,thana
325,EhvfnXZ4,সাংবাদিক ফেরাম,thana325@instance.com,1,3,325,thana
306,Asf9Vw5B,আদর্শ শাখা,thana306@instance.com,1,3,306,thana
326,PfCftHZG,ইংলিশ,thana326@instance.com,1,3,326,thana
303,kbRrYG5r,কামরাঙ্গিরচর,thana303@instance.com,1,3,303,thana
316,aVYjyQhK,খিলগাঁও,thana316@instance.com,1,3,316,thana
307,NCcP5Zy6,চকবাজার,thana307@instance.com,1,3,307,thana
324,VHePyGaC,জাগরণ,thana324@instance.com,1,3,324,thana
305,K9wUUhCB,ঢাকা আলিয়া,thana305@instance.com,1,3,305,thana
318,wzT6ETqc,দক্ষিন বনশ্রী,thana318@instance.com,1,3,318,thana
301,cZCGNsX6,ধানমন্ডি,thana301@instance.com,1,3,301,thana
309,B6jKQth3,পল্টন,thana309@instance.com,1,3,309,thana
308,VE9DECwm,বংশাল,thana308@instance.com,1,3,308,thana
310,4BMaYYiJ,মতিঝিল,thana310@instance.com,1,3,310,thana
311,QRVhWZBw,মিসবাহুল উলুম মাদরাসা,thana311@instance.com,1,3,311,thana
321,eR5vvEWs,মুগদা,thana321@instance.com,1,3,321,thana
314,mreYUsnu,রমনা,thana314@instance.com,1,3,314,thana
304,pbjxcTCY,লালবাগ,thana304@instance.com,1,3,304,thana
313,CyyHiXNP,শাহজাহানপুর,thana313@instance.com,1,3,313,thana
323,X64F7iXE,শিশু কল্যান,thana323@instance.com,1,3,323,thana
319,QQicsQBA,সবুজবাগ,thana319@instance.com,1,3,319,thana
317,7nrpfp4Y,স্কুল খিলগাঁও,thana317@instance.com,1,3,317,thana
312,BGkxScnu,স্কুল মতিঝিল,thana312@instance.com,1,3,312,thana
320,8Y7Jk575,স্কুল সবুজবাগ,thana320@instance.com,1,3,320,thana
315,wGmUgenc,স্টামফোর্ড ইউনিভার্সিটি,thana315@instance.com,1,3,315,thana
302,UbYvwW6U,হাজারীবাগ,thana302@instance.com,1,3,302,thana
405,6kzV8umy,আদাবর,thana405@instance.com,1,4,405,thana
427,kzm7QFjW,ইংলিশ মিডিয়াম,thana427@instance.com,1,4,427,thana
423,BnMKrjvH,কাফরুল,thana423@instance.com,1,4,423,thana
425,AAhMdKkU,ক্যান্টনমেন্ট,thana425@instance.com,1,4,425,thana
426,Je5xtmRG,জি এইচ এম সি,thana426@instance.com,1,4,426,thana
421,SJaX6Dn4,ডি আই এম সি,thana421@instance.com,1,4,421,thana
416,ydvczwj9,ঢা সা স,thana416@instance.com,1,4,416,thana
407,7v2XMMCx,তেজগাও কলেজ,thana407@instance.com,1,4,407,thana
413,WSrsYhhk,দারুস সালাম,thana413@instance.com,1,4,413,thana
418,KBA4T9vU,পল্লবী,thana418@instance.com,1,4,418,thana
424,hnCCjgSM,ভাষানটেক,thana424@instance.com,1,4,424,thana
411,WUgGWD2B,মডেল বিভাগ,thana411@instance.com,1,4,411,thana
414,BsSnhhmu,মিরপুর পশ্চিম,thana414@instance.com,1,4,414,thana
410,Cg5R4EAb,মিরপুর পূর্ব,thana410@instance.com,1,4,410,thana
404,wwUM9tu4,মোহাম্মদপুর ক্যম্পাস জোন,thana404@instance.com,1,4,404,thana
403,N65aCWwd,মোহাম্মদপুর দক্ষিন,thana403@instance.com,1,4,403,thana
401,JFGKKSNB,মোহাম্মাদপুর উত্তর,thana401@instance.com,1,4,401,thana
417,fSnKJjdc,রুপনগর,thana417@instance.com,1,4,417,thana
415,gjjDRf5R,শাহআলী,thana415@instance.com,1,4,415,thana
406,vzSM52Pz,শিশু কল্যান,thana406@instance.com,1,4,406,thana
409,3QPUTbap,শেরেবাংলা নগর,thana409@instance.com,1,4,409,thana
422,DzHk3ixd,সন্দিপন,thana422@instance.com,1,4,422,thana
412,XUUfwDcw,সরকারী বাঙলা কলেজ,thana412@instance.com,1,4,412,thana
420,WqC9BtgM,স্কুল,thana420@instance.com,1,4,420,thana
513,2s9djApa,আই এফ,thana513@instance.com,1,5,513,thana
527,rvmKwuta,আইলেট,thana527@instance.com,1,5,527,thana
515,36YEH88R,আজিমপুর,thana515@instance.com,1,5,515,thana
517,ymF4YZbK,ই এম,thana517@instance.com,1,5,517,thana
503,AfyHFexN,ই কে হল,thana503@instance.com,1,5,503,thana
523,txHW6yzk,ইউ টি,thana523@instance.com,1,5,523,thana
512,cZbAH8jE,এ এফ,thana512@instance.com,1,5,512,thana
525,tuXqzVx9,একাত্তর পদ্মা,thana525@instance.com,1,5,525,thana
526,xk8DYCG4,একাত্তর যমুনা,thana526@instance.com,1,5,526,thana
521,EiWX7kcy,এনেক্স,thana521@instance.com,1,5,521,thana
506,BTkGfgng,এফ আর হল,thana506@instance.com,1,5,506,thana
501,cxpcZjBr,এফ এইচ হল,thana501@instance.com,1,5,501,thana
507,ApivCDqK,এম এইচ হল,thana507@instance.com,1,5,507,thana
502,VrZsviEJ,এস এইচ হল,thana502@instance.com,1,5,502,thana
504,w2fXBh3N,এস এম হল,thana504@instance.com,1,5,504,thana
522,HngUyHUb,এস এস এফ,thana522@instance.com,1,5,522,thana
508,bkXfftJy,এস এস হল,thana508@instance.com,1,5,508,thana
518,ziYvdYVh,এস কে,thana518@instance.com,1,5,518,thana
509,pdwHZPcY,ক জ হল,thana509@instance.com,1,5,509,thana
519,bBK56SkY,কে এফ,thana519@instance.com,1,5,519,thana
532,8igDNBuH,ক্যাম্পাস,thana532@instance.com,1,5,532,thana
511,7EdcvTJn,জিয়া হল,thana511@instance.com,1,5,511,thana
505,uDCu8Jek,জেড এইচ হল,thana505@instance.com,1,5,505,thana
520,ABEMysAr,প্রবাহ,thana520@instance.com,1,5,520,thana
514,RuZf29NF,বি এফ,thana514@instance.com,1,5,514,thana
510,7FEWKKaE,বি বি হল,thana510@instance.com,1,5,510,thana
516,P7egC7cP,শাহবাগ,thana516@instance.com,1,5,516,thana
524,NNSwPZrD,সি এম এইচ,thana524@instance.com,1,5,524,thana
611,KkXYRiQE,অরণ্য সাহিত্য সংসদ,thana611@instance.com,1,6,611,thana
613,REkiMSFB,ফোরাম,thana613@instance.com,1,6,613,thana
606,Y6KpBRBD,শহীদ আইয়ুব আলী জোন,thana606@instance.com,1,6,606,thana
609,ZD2nZNvx,শহীদ আবুল কাশেম পাঠান জোন,thana609@instance.com,1,6,609,thana
604,TE7Fd9Jw,শহীদ আব্দুল মালেক জোন,thana604@instance.com,1,6,604,thana
603,8GNJB756,শহীদ ইবনুল ইসলাম পারভেজ জোন,thana603@instance.com,1,6,603,thana
612,Ea2mbhTN,শহীদ ইব্রাহীম জোন,thana612@instance.com,1,6,612,thana
601,aVy7nvsJ,শহীদ কামরুল ইসলাম জোন,thana601@instance.com,1,6,601,thana
605,WfsEdyii,শহীদ জোবায়ের হোসেন জোন,thana605@instance.com,1,6,605,thana
610,gTGQZafg,শহীদ মাসুদ বিন হাবিব জোন,thana610@instance.com,1,6,610,thana
608,Ga4mwZ8R,শহীদ মুজাহিদুল ইসলাম জোন,thana608@instance.com,1,6,608,thana
602,YJAJeCYJ,শহীদ শরীফুজ্জামান নোমানী জোন,thana602@instance.com,1,6,602,thana
615,ApuXH7tc,শহীদ শহিদুল্লাহ তুষার জোন,thana615@instance.com,1,6,615,thana
614,yBsfniDc,শহীদ শীষ মুহাম্মদ জোন,thana614@instance.com,1,6,614,thana
607,xhPQwKFK,শহীদ সাব্বির আহমেদ জোন,thana607@instance.com,1,6,607,thana
616,yAJVs7Rt,সিডিপি,thana616@instance.com,1,6,616,thana
707,kE5ndKSg,আই ই আর থানা,thana707@instance.com,1,7,707,thana
704,b94Ku4xU,আইন আনুষদ,thana704@instance.com,1,7,704,thana
720,hreg9TZH,আদর্শ থানা,thana720@instance.com,1,7,720,thana
719,xxkmQfnx,আধুনিক থানা,thana719@instance.com,1,7,719,thana
717,MZwjGHkX,ইংলিশ মিডিয়াম,thana717@instance.com,1,7,717,thana
718,kbuMMGip,ইউ আর এফ,thana718@instance.com,1,7,718,thana
701,Q3MUP98f,কলা অনুষদ,thana701@instance.com,1,7,701,thana
709,8WWYvNWh,কোতোয়ালি থানা,thana709@instance.com,1,7,709,thana
708,pcq4ef7S,ক্যাম্পাস থানা,thana708@instance.com,1,7,708,thana
715,mBMTq4A9,নিমন্ত্রণ সাংস্কৃতিক সংসদ,thana715@instance.com,1,7,715,thana
703,jVWCRc2G,বিজ্ঞান অনুষদ,thana703@instance.com,1,7,703,thana
705,a3vVS4am,ব্যবসায় শিক্ষা অনুষদ,thana705@instance.com,1,7,705,thana
706,mM4kXd5c,লাইফ এন্ড আর্থ সাইন্স আনুষদ,thana706@instance.com,1,7,706,thana
710,YDCH7fc4,শহী আব্দুল্লা আল ফয়সাল জোন,thana710@instance.com,1,7,710,thana
712,jMnFVk56,শহীদ আব্দুল মালেক জোন,thana712@instance.com,1,7,712,thana
711,4qg444Ea,শহীদ আব্দু্ল খালেক জোন,thana711@instance.com,1,7,711,thana
716,tJ6bMKZY,শিক্ষা সেন্টার,thana716@instance.com,1,7,716,thana
714,xJPrqvGb,সবুজ মালা (শিশু বিভাগ),thana714@instance.com,1,7,714,thana
702,FaRSjm7u,সামাজিক বিজ্ঞান অনুষদ,thana702@instance.com,1,7,702,thana
713,FZanGGeb,স্কুল বিভাগ,thana713@instance.com,1,7,713,thana
806,CJmXKnG7,AIUB,thana806@instance.com,2,8,806,thana
814,KCckx4yd,AUST,thana814@instance.com,2,8,814,thana
830,pkbguH3w,AVASH,thana830@instance.com,2,8,830,thana
810,4CSghNME,DIU,thana810@instance.com,2,8,810,thana
812,4wE8F3Vy,EWU,thana812@instance.com,2,8,812,thana
811,TVHTpJCf,GP,thana811@instance.com,2,8,811,thana
808,9CiABfXy,IUB,thana808@instance.com,2,8,808,thana
801,tNg28Akc,IUBAT,thana801@instance.com,2,8,801,thana
815,PQWiN4iQ,NSUE,thana815@instance.com,2,8,815,thana
807,Q64bHySB,NSUHA,thana807@instance.com,2,8,807,thana
804,2muuqPdH,NUB,thana804@instance.com,2,8,804,thana
805,yCK3qmw3,PP,thana805@instance.com,2,8,805,thana
840,hakvxdYh,SARGAM (CF),thana840@instance.com,2,8,840,thana
813,NcwUyKNS,SEU,thana813@instance.com,2,8,813,thana
803,YcsCbvT4,TP,thana803@instance.com,2,8,803,thana
802,wcMGQJY9,UP,thana802@instance.com,2,8,802,thana
809,qaqFbs3B,VP,thana809@instance.com,2,8,809,thana
930,Uf2mXyw3,আন্তর্জাতিক হল,thana930@instance.com,2,9,930,thana
923,QTuRC6fg,একাডেমিক,thana923@instance.com,2,9,923,thana
913,AnWagf29,কলা অনুষদ,thana913@instance.com,2,9,913,thana
919,VNnsHqxQ,কলাবাগান পশ্চিম,thana919@instance.com,2,9,919,thana
918,WAhdKdSg,কলাবাগান পূর্ব,thana918@instance.com,2,9,918,thana
921,Pg4vrMq8,কলেজ জোন,thana921@instance.com,2,9,921,thana
910,XhhuKdWR,ক্যাম্পাস,thana910@instance.com,2,9,910,thana
920,kXa7tFFd,গবঃ ল্যাব স্কুল,thana920@instance.com,2,9,920,thana
922,KWrbgDKB,ঢাকা সিটি কলেজ,thana922@instance.com,2,9,922,thana
917,FFS9ry6S,নিউমার্কেট উত্তর,thana917@instance.com,2,9,917,thana
929,qVcsF4Kq,নিউমার্কেট দক্ষিণ,thana929@instance.com,2,9,929,thana
925,uny8EjPD,পাঠশালা,thana925@instance.com,2,9,925,thana
926,CJdqubAA,বর্ণালী লেখক পরিষদ,thana926@instance.com,2,9,926,thana
914,xKsFdwg4,বাণিজ্য অনুষদ,thana914@instance.com,2,9,914,thana
915,pV5BwDed,বিজ্ঞান অনুষদ,thana915@instance.com,2,9,915,thana
928,BSveCPYc,ভয়েজার ডিবেটিং সোসাইটি,thana928@instance.com,2,9,928,thana
927,CYCJKXmf,শিশুকল্যাণ,thana927@instance.com,2,9,927,thana
924,pEKceVkd,সওগাত সাহিত্য সাংস্কৃতিক সংসদ,thana924@instance.com,2,9,924,thana
916,bhDtH2xg,সামাজিক বিজ্ঞান অনুষদ,thana916@instance.com,2,9,916,thana
911,ZEuhMueM,হল উত্তর,thana911@instance.com,2,9,911,thana
912,dhujhCb4,হল দক্ষিণ,thana912@instance.com,2,9,912,thana
1120,hFgKzGNz,ইংলিশ মিডিয়াম,thana1120@instance.com,2,11,1120,thana
1101,4GKZRfRU,কাশিমপুর,thana1101@instance.com,2,11,1101,thana
1122,jDKG4YWw,কৃষ্ণচূড়া,thana1122@instance.com,2,11,1122,thana
1126,8YcufM4x,কোচিং,thana1126@instance.com,2,11,1126,thana
1103,nr68XRD9,কোনাবাড়ী,thana1103@instance.com,2,11,1103,thana
1111,QtX9gsnY,গাছা পশ্চিম,thana1111@instance.com,2,11,1111,thana
1110,YD6Gm4AB,গাছা পূর্ব,thana1110@instance.com,2,11,1110,thana
1113,GxaANz7Z,টংগী পূর্ব,thana1113@instance.com,2,11,1113,thana
1114,ndVyBAf4,টংগী শিল্পাঞ্চল,thana1114@instance.com,2,11,1114,thana
1112,MrgHuEKm,টংগী সরকারী কলেজ,thana1112@instance.com,2,11,1112,thana
1115,QqRygjpP,পূবাইল,thana1115@instance.com,2,11,1115,thana
1109,WYBm2YkX,বাসন,thana1109@instance.com,2,11,1109,thana
1104,epG3SESh,ভাওয়াল কলেজ,thana1104@instance.com,2,11,1104,thana
1119,PsHeyYJH,মেডিকেল জোন,thana1119@instance.com,2,11,1119,thana
1107,kaNAWrMP,শিমুলতলী,thana1107@instance.com,2,11,1107,thana
1125,VMTrcbQR,শিশু কল্যান,thana1125@instance.com,2,11,1125,thana
1108,zyxVX6Vk,সদর মেট্রো,thana1108@instance.com,2,11,1108,thana
1124,cMBVek6a,সাংবাদিক ফোরাম,thana1124@instance.com,2,11,1124,thana
1106,GYHftnGj,সালনা,thana1106@instance.com,2,11,1106,thana
1121,K6ecJ9sg,সুইট,thana1121@instance.com,2,11,1121,thana
1117,tTTEJNWN,স্কুল গাছা,thana1117@instance.com,2,11,1117,thana
1118,yHi4WFX4,স্কুল গাজীপুর,thana1118@instance.com,2,11,1118,thana
1116,khyxXzGA,স্কুল টংগী,thana1116@instance.com,2,11,1116,thana
1123,AfJtunHu,স্পন্দন,thana1123@instance.com,2,11,1123,thana
1204,hHwEJ7Rx,আশুলিয়া আদর্শ শাখা,thana1204@instance.com,2,12,1204,thana
1210,zweRzBqb,ধামরাই উপজেলা,thana1210@instance.com,2,12,1210,thana
1206,V7XF4Fxr,ধামরাই পৌরসভা,thana1206@instance.com,2,12,1206,thana
1201,5cYxWsUt,পাথালিয়া,thana1201@instance.com,2,12,1201,thana
1212,ic25SEyE,প্রতীতি সাহিত্য সাংস্কৃতিক সংসদ,thana1212@instance.com,2,12,1212,thana
1205,FMUFAkmK,প্রাইম ইন্সটিটিউট আদর্শ শাখা,thana1205@instance.com,2,12,1205,thana
1213,tGe9Hb7S,মডেল ইন্সটিটিউট,thana1213@instance.com,2,12,1213,thana
1211,DqABaCib,মাদরাসা থানা,thana1211@instance.com,2,12,1211,thana
1209,if9jYEGa,মেডিকেল ইন্সটিটিউট,thana1209@instance.com,2,12,1209,thana
1208,WnZAydze,মেডিকেল জোন,thana1208@instance.com,2,12,1208,thana
1207,Xzk8jJzE,সাভার থানা,thana1207@instance.com,2,12,1207,thana
1203,5Af49siN,সাভার পৌরসভা আদর্শ শাখা,thana1203@instance.com,2,12,1203,thana
1202,6vAYgUuz,সাভার সরকারি কলেজ,thana1202@instance.com,2,12,1202,thana
1302,CnqpeDJT,কেরাণীগঞ্জ মডেল,thana1302@instance.com,2,13,1302,thana
1301,nYNw73eg,কেরাণীগঞ্জ মডেল পশ্চিম,thana1301@instance.com,2,13,1301,thana
1303,HyUdPjDN,দক্ষিণ কেরাণীগঞ্জ,thana1303@instance.com,2,13,1303,thana
1306,y8hRByrK,দোহার,thana1306@instance.com,2,13,1306,thana
1305,xtx3wkVN,নবাবগঞ্জ পশ্চিম,thana1305@instance.com,2,13,1305,thana
1304,w38xFKrs,নবাবগঞ্জ পূর্ব,thana1304@instance.com,2,13,1304,thana
1308,BaRbdDcQ,বুড়িগঙ্গা সাহিত্য ও সাংস্কৃতিক সংসদ,thana1308@instance.com,2,13,1308,thana
1307,yKRRrUth,শিশুকল্যাণ,thana1307@instance.com,2,13,1307,thana
1406,fdJSFA84,মানিকগঞ্জ সদর,thana1406@instance.com,2,14,1406,thana
1422,nwEdCGXd,কলেজ শাখা,thana1422@instance.com,2,14,1422,thana
1401,rCPF7TqD,ঘিওর,thana1401@instance.com,2,14,1401,thana
1402,KP5Ux5Kp,দৌলতপুর,thana1402@instance.com,2,14,1402,thana
1455,RAAyEvuf,নবতরঙ্গ শিল্পীগোষ্ঠী,thana1455@instance.com,2,14,1455,thana
1444,aPVVGuBq,মাদরাসা,thana1444@instance.com,2,14,1444,thana
1433,6fhiahmq,মেডিকেল,thana1433@instance.com,2,14,1433,thana
1410,SUhjCPjh,শহর সাথী শাখা,thana1410@instance.com,2,14,1410,thana
1403,2JAkmBgd,শিবালয়,thana1403@instance.com,2,14,1403,thana
1408,3FVysJdG,শিশুকল্যান,thana1408@instance.com,2,14,1408,thana
1407,82vegjhg,সাটুরিয়া থানা,thana1407@instance.com,2,14,1407,thana
1405,Jx4f2FkT,সিংগাইর,thana1405@instance.com,2,14,1405,thana
1409,RHNPPSCF,স্কুল,thana1409@instance.com,2,14,1409,thana
1456,UgGUGTN3,হরিরামপুর,thana1456@instance.com,2,14,1456,thana
1512,GAEXtD8j,আবাসন পশ্চিম,thana1512@instance.com,2,15,1512,thana
1511,8eFCHSqk,আবাসন পূর্ব,thana1511@instance.com,2,15,1511,thana
1503,DTAMrze6,আল বিরুনী,thana1503@instance.com,2,15,1503,thana
1505,QCtm2fy4,ইবনে সিনা,thana1505@instance.com,2,15,1505,thana
1508,ajrTfWJW,পলিটেকনিক থানা,thana1508@instance.com,2,15,1508,thana
1509,9umhmVG6,পূর্বাচল,thana1509@instance.com,2,15,1509,thana
1504,E4gv8Fx4,শহিদ তিতুমীর,thana1504@instance.com,2,15,1504,thana
1507,vqpufPaU,শহিদ মেহেদি,thana1507@instance.com,2,15,1507,thana
1502,RSZAeh5b,শহিদ সাব্বির,thana1502@instance.com,2,15,1502,thana
1513,FEgh6Fv2,শহিদ হাসান আল বান্না,thana1513@instance.com,2,15,1513,thana
1514,NYmDFs7t,শহীদ আব্দুল মালেক,thana1514@instance.com,2,15,1514,thana
1506,mkeEhkay,শহীদ ইয়াসিন,thana1506@instance.com,2,15,1506,thana
1510,vrtpKBva,শিশুকল্যাণ,thana1510@instance.com,2,15,1510,thana
1501,gHTmzWK2,হাজী মহসিন,thana1501@instance.com,2,15,1501,thana
1609,Q2Ux3ZVN,কাপাসিয়া উত্তর,thana1609@instance.com,3,16,1609,thana
1610,wW7Rsb3H,কাপাসিয়া দক্ষিণ,thana1610@instance.com,3,16,1610,thana
1611,hQfmSamZ,কাপাসিয়া পূর্ব,thana1611@instance.com,3,16,1611,thana
1612,maEJSVdW,কালিগঞ্জ উত্তর,thana1612@instance.com,3,16,1612,thana
1613,QZbUgyeb,কালিগঞ্জ দক্ষিণ,thana1613@instance.com,3,16,1613,thana
1605,PHsuHQFk,কালিয়াকৈর পশ্চিম,thana1605@instance.com,3,16,1605,thana
1604,hZgkKQgk,কালিয়াকৈর পূর্ব,thana1604@instance.com,3,16,1604,thana
1606,BcSP57Xb,কালিয়াকৈর পৌরসভা,thana1606@instance.com,3,16,1606,thana
1601,vapxgHf3,ভাওয়াল সাহিত্য সাংস্কৃতিক সংসদ,thana1601@instance.com,3,16,1601,thana
1614,WExCVdkv,শিশুকল্যাণ,thana1614@instance.com,3,16,1614,thana
1607,ZwjEpyqM,শ্রীপুর আদর্শ শাখা,thana1607@instance.com,3,16,1607,thana
1608,g57PgmWt,শ্রীপুর উত্তর,thana1608@instance.com,3,16,1608,thana
1603,QhXTd93u,সদর পশ্চিম,thana1603@instance.com,3,16,1603,thana
1602,R9yPPUcA,সদর পূর্ব,thana1602@instance.com,3,16,1602,thana
1717,Fchy8r5r,সরকারি তোলারাম কলেজ,thana1717@instance.com,3,17,1717,thana
1720,CscpBMFc,ঐতিহ্য,thana1720@instance.com,3,17,1720,thana
1715,CXsedE2d,কওমি ছাত্র পরিষদ,thana1715@instance.com,3,17,1715,thana
1703,QkNcqazR,নারায়ণগঞ্জ সদর,thana1703@instance.com,3,17,1703,thana
1710,aPJYsYXb,ফতুল্লা উত্তর,thana1710@instance.com,3,17,1710,thana
1711,ZFS254yX,ফতুল্লা দক্ষিণ,thana1711@instance.com,3,17,1711,thana
1712,V2mDcUQP,ফতুল্লা শিল্পাঞ্চল,thana1712@instance.com,3,17,1712,thana
1709,PG4fgVRB,ফতুল্লা সদর,thana1709@instance.com,3,17,1709,thana
1716,AsntUpMv,বন্দর দক্ষিণ,thana1716@instance.com,3,17,1716,thana
1714,YhCVSFnN,বন্দর পশ্চিম,thana1714@instance.com,3,17,1714,thana
1713,8XEjMcE9,বন্দর পুর্ব,thana1713@instance.com,3,17,1713,thana
1718,QGKHHZe2,শিশুকল্যান,thana1718@instance.com,3,17,1718,thana
1702,BderfbUy,সদর উত্তর,thana1702@instance.com,3,17,1702,thana
1701,i4Mcmqcp,সদর দক্ষিণ,thana1701@instance.com,3,17,1701,thana
1704,iNnu94Pu,সদর পশ্চিম,thana1704@instance.com,3,17,1704,thana
1705,C5RNy2Sq,সিদ্ধিরগঞ্জ উওর,thana1705@instance.com,3,17,1705,thana
1706,n7qKGWUb,সিদ্ধিরগঞ্জ দক্ষিণ,thana1706@instance.com,3,17,1706,thana
1707,5JjSf3AR,সিদ্ধিরগঞ্জ পশ্চিম,thana1707@instance.com,3,17,1707,thana
1708,DuPVrqpQ,সিদ্ধিরগঞ্জ পূর্ব,thana1708@instance.com,3,17,1708,thana
1719,Fkz4Yuxk,স্কুল,thana1719@instance.com,3,17,1719,thana
1801,K3eRHeXG,আড়াইহাজার আদর্শ  থানা,thana1801@instance.com,3,18,1801,thana
1803,GdSt3Tjf,আড়াইহাজার পশ্চিম,thana1803@instance.com,3,18,1803,thana
1802,7YwcbMg7,আড়াইহাজার পূর্ব,thana1802@instance.com,3,18,1802,thana
1813,vajsYYAx,কাঞ্চন পৌরসভা,thana1813@instance.com,3,18,1813,thana
1809,A8GHXXnc,তারাব পৌরসভা,thana1809@instance.com,3,18,1809,thana
1808,VFQcUXHx,বন্দর আদর্শ থানা,thana1808@instance.com,3,18,1808,thana
1812,SnneVPiQ,মুড়াপাড়া কলেজ থানা,thana1812@instance.com,3,18,1812,thana
1810,tBPQ8Pfk,রূপগঞ্জ আদর্শ থানা,thana1810@instance.com,3,18,1810,thana
1814,HaWGga7t,রূপগঞ্জ উপশহর,thana1814@instance.com,3,18,1814,thana
1811,mr3cxFcj,রূপগঞ্জ পশ্চিম,thana1811@instance.com,3,18,1811,thana
1804,4gGpbjvp,সোনারগা আদর্শ থানা,thana1804@instance.com,3,18,1804,thana
1807,tqHvgT4e,সোনারগা পশ্চিম,thana1807@instance.com,3,18,1807,thana
1805,pQ2kGSNP,সোনারগা পূর্ব,thana1805@instance.com,3,18,1805,thana
1806,Yw4j6ky3,সোনারগাঁ দক্ষিণ,thana1806@instance.com,3,18,1806,thana
1907,T5kAxY6P,গজারিয়া,thana1907@instance.com,3,19,1907,thana
1906,NEXAR37G,টঙ্গিবাড়ি,thana1906@instance.com,3,19,1906,thana
1902,QmYUJWFw,মিরকাদিম,thana1902@instance.com,3,19,1902,thana
1905,YgKnSkce,মুন্সিগঞ্জ পলিটেকনিক  ইনস্টিটিউট,thana1905@instance.com,3,19,1905,thana
1903,gNjgE8rB,মুন্সিগঞ্জ সদর,thana1903@instance.com,3,19,1903,thana
1901,dGV7k5md,মুন্সীগঞ্জ পৌরসভা,thana1901@instance.com,3,19,1901,thana
1911,afKKSm2P,লৌহজং,thana1911@instance.com,3,19,1911,thana
1910,9PNiwebw,শ্রীনগর,thana1910@instance.com,3,19,1910,thana
1904,e8B8Atzt,সরকারি হরগঙ্গা কলেজ,thana1904@instance.com,3,19,1904,thana
1908,RUFtPCGy,সিরাজদিখান,thana1908@instance.com,3,19,1908,thana
2118,PHBGcK4g,ঊজ্জীবন,thana2118@instance.com,3,21,2118,thana
2103,wzUrJyza,চিনিশপুর থানা,thana2103@instance.com,3,21,2103,thana
2101,XTUNAfrt,জামেয়া ক্যাম্পাস,thana2101@instance.com,3,21,2101,thana
2102,XYVGaFtx,জামেয়া্ আবাসিক,thana2102@instance.com,3,21,2102,thana
2107,QpzecifU,নরসিংদী পলিটেকনিক ই্ন্সটিটিউট,thana2107@instance.com,3,21,2107,thana
2106,imsmPeFC,নরসিংদী প্রাইভেট কলেজ,thana2106@instance.com,3,21,2106,thana
2108,XVWANsZ9,নরসিংদী সদর দাক্ষিণ,thana2108@instance.com,3,21,2108,thana
2105,y9wtmxU6,নরসিংদী সরকারী কলেজ,thana2105@instance.com,3,21,2105,thana
2111,yevGRm3T,পলাশ থানা উত্তর,thana2111@instance.com,3,21,2111,thana
2110,jKj7ApJG,পলাশ থানা দক্ষিণ,thana2110@instance.com,3,21,2110,thana
2104,mAuFvbZf,পৌরসভা থানা,thana2104@instance.com,3,21,2104,thana
2115,cPe6V6Ja,বেলাবো থানা,thana2115@instance.com,3,21,2115,thana
2114,2qUmcvrt,মনোহরদী উত্তর,thana2114@instance.com,3,21,2114,thana
2113,VMHqNwwc,মনোহরদী দক্ষিণ,thana2113@instance.com,3,21,2113,thana
2109,3kTHhyDp,মাধবদী,thana2109@instance.com,3,21,2109,thana
2117,tKUZh8Yv,রায়পুরা পশ্চিম,thana2117@instance.com,3,21,2117,thana
2116,zKXnmV45,রায়পুরা পূর্ব,thana2116@instance.com,3,21,2116,thana
2112,7VtE7Zur,শিবপুর,thana2112@instance.com,3,21,2112,thana
2119,qdPtY2CW,শিশুকল্যান,thana2119@instance.com,3,21,2119,thana
2319,taAkQRxP,আলিয়া মাদরাসা,thana2319@instance.com,3,23,2319,thana
2325,XKwBekpZ,আসাস,thana2325@instance.com,3,23,2325,thana
2313,kuQa8FvE,এম এম আলী কলেজ,thana2313@instance.com,3,23,2313,thana
2311,7nnXV7cS,কালিহাতি থানা শাখা,thana2311@instance.com,3,23,2311,thana
2302,ghvX3qqW,গোপালপুর থানা,thana2302@instance.com,3,23,2302,thana
2310,yPJHTzef,ঘাটাইল থানা শাখা,thana2310@instance.com,3,23,2310,thana
2314,Av7A4xEc,টিটেক,thana2314@instance.com,3,23,2314,thana
2308,Nz8JHMx7,দেলদুয়ার থানা শাখা,thana2308@instance.com,3,23,2308,thana
2316,JjSjdAh5,ধনবাড়ি থানা শাখা,thana2316@instance.com,3,23,2316,thana
2312,dYzFDfPY,নাগরপুর থানা শাখা,thana2312@instance.com,3,23,2312,thana
2315,QhgBnw2a,পলিটেকনিক (টিপিআই),thana2315@instance.com,3,23,2315,thana
2322,xJNSHEPX,পৌরসভা উত্তর,thana2322@instance.com,3,23,2322,thana
2318,yXiXKDRb,পৌরসভা দক্ষিন,thana2318@instance.com,3,23,2318,thana
2309,aJiHJUtg,বাসাইল থানা শাখা,thana2309@instance.com,3,23,2309,thana
2306,iCBTYdcy,বিশ্ববিদ্যালয় (ইউটি),thana2306@instance.com,3,23,2306,thana
2301,yc838mgw,ভূঞাপুর থানা শাখা,thana2301@instance.com,3,23,2301,thana
2307,hRXjvreH,মধুপুর থানা শাখা,thana2307@instance.com,3,23,2307,thana
2303,iFaUZEbE,মির্জাপুর আদর্শ থানা শাখা,thana2303@instance.com,3,23,2303,thana
2320,dHJuTRhT,মেডিকেল কলেজ,thana2320@instance.com,3,23,2320,thana
2305,a9jnXHzk,যমুনা সাংগঠনিক থানা শাখা,thana2305@instance.com,3,23,2305,thana
2326,SuPKkgSN,শহীদ জোবায়ের,thana2326@instance.com,3,23,2326,thana
2324,bdGc44fc,শিশুকল্যাণ,thana2324@instance.com,3,23,2324,thana
2304,VwgJczm5,সখিপুুর থানা শাখা,thana2304@instance.com,3,23,2304,thana
2317,iGrNyRNK,সদর থানা শাখা,thana2317@instance.com,3,23,2317,thana
2321,W8eeVky6,সাদত কলেজ,thana2321@instance.com,3,23,2321,thana
2323,WQZmScMR,স্কুল বিভাগ,thana2323@instance.com,3,23,2323,thana
2402,VAkNHWbb,CSM,thana2402@instance.com,3,24,2402,thana
2412,86GGmVfQ,Forum,thana2412@instance.com,3,24,2412,thana
2401,4z78GMDn,SA,thana2401@instance.com,3,24,2401,thana
2409,bF8YYJQz,ইঙ্গিত সাহিত্য সংসদ,thana2409@instance.com,3,24,2409,thana
2410,8rcUbKkJ,খলিফা ওমর ফারুক,thana2410@instance.com,3,24,2410,thana
2407,N7HmNDPD,বর্নালি,thana2407@instance.com,3,24,2407,thana
2403,hM4WTzTr,ব্রক্ষপুত্র,thana2403@instance.com,3,24,2403,thana
2411,gEs2SbyY,শহীদ আবু সাইদ,thana2411@instance.com,3,24,2411,thana
2405,NFZ9DibN,শহীদ আব্দুল ওয়াহেদ,thana2405@instance.com,3,24,2405,thana
2404,FXiY5Rb2,শহীদ আব্দুল খালেক হামিদ,thana2404@instance.com,3,24,2404,thana
2406,bv5Y5Tf2,শহীদ শান্ত,thana2406@instance.com,3,24,2406,thana
2408,sYbZUNFF,সালাউদ্দিন আইয়্যুবি,thana2408@instance.com,3,24,2408,thana
2511,3y5Unt3h,আকুয়া,thana2511@instance.com,4,25,2511,thana
2501,5iNqCCgd,আনন্দমোহন,thana2501@instance.com,4,25,2501,thana
2513,fgHsaMJt,কলেজ বিভাগ,thana2513@instance.com,4,25,2513,thana
2509,Nfj84Fw4,কেওয়াটখালী,thana2509@instance.com,4,25,2509,thana
2510,Z35hHUVq,কোতোয়ালী,thana2510@instance.com,4,25,2510,thana
2506,VqYGtqVR,ঘাগড়া,thana2506@instance.com,4,25,2506,thana
2508,RC3MearA,চরপাড়া,thana2508@instance.com,4,25,2508,thana
2505,UWsuZ2C8,দাপুনিয়া,thana2505@instance.com,4,25,2505,thana
2503,WhNc74mY,পলিটেকনিক,thana2503@instance.com,4,25,2503,thana
2507,8cGQKG9U,বিদ্যাগঞ্জ,thana2507@instance.com,4,25,2507,thana
2504,B8FKCF2e,মুয়েট,thana2504@instance.com,4,25,2504,thana
2502,gvqh9GQu,মেডিকেল,thana2502@instance.com,4,25,2502,thana
2512,MqD6WnAA,শিশু কল্যাণ,thana2512@instance.com,4,25,2512,thana
2515,KqeK4rFG,সংস্কৃতি,thana2515@instance.com,4,25,2515,thana
2514,8U6C3XjV,স্কুল বিভাগ,thana2514@instance.com,4,25,2514,thana
2606,EUwVxWJT,ইলহাম সাংস্কৃতিক সংসদ,thana2606@instance.com,4,26,2606,thana
2610,xFQCHM54,ঈশ্বরগঞ্জ উপজেলা,thana2610@instance.com,4,26,2610,thana
2611,qpbDMi2V,ঈশ্বরগঞ্জ ডি এস কামিল মাদ্রাসা,thana2611@instance.com,4,26,2611,thana
2602,4ma9gKin,গফরগাঁও উপজেলা,thana2602@instance.com,4,26,2602,thana
2612,hXkgZcxw,গৌরিপুর উপজেলা,thana2612@instance.com,4,26,2612,thana
2617,aaPiKZHz,গৌরিপুর সরকারি কলেজ,thana2617@instance.com,4,26,2617,thana
2613,DbQpjhMU,তারাকান্দা উপজেলা,thana2613@instance.com,4,26,2613,thana
2604,77bVDFCt,ত্রিশাল আদর্শ শাখা,thana2604@instance.com,4,26,2604,thana
2616,NAFfsv5E,ধোবাউড়া উপজেলা,thana2616@instance.com,4,26,2616,thana
2609,yQks8mir,নান্দাইল উপজেলা,thana2609@instance.com,4,26,2609,thana
2601,tSt4bD9f,পাগলা থানা শাখা,thana2601@instance.com,4,26,2601,thana
2614,mMvZgNGp,ফুলপুর উপজেলা,thana2614@instance.com,4,26,2614,thana
2605,Qy5hKqEs,ফুলবাড়িয়া উপজেলা,thana2605@instance.com,4,26,2605,thana
2603,Q6zQ232A,ভালুকা উপজেলা,thana2603@instance.com,4,26,2603,thana
2607,iBGGUWnH,মুক্তাগাছা উপজেলা,thana2607@instance.com,4,26,2607,thana
2608,ADNg3EM7,মুক্তাগাছা সরকারি কলেজ,thana2608@instance.com,4,26,2608,thana
2615,RVK96URf,হালুয়াঘাট উপজেলা,thana2615@instance.com,4,26,2615,thana
2816,xMDinngG,অষ্টগ্রাম উপজেলা,thana2816@instance.com,4,28,2816,thana
2818,aynFdPmV,ইটনা উপজেলা,thana2818@instance.com,4,28,2818,thana
2821,EEhVAxJR,ওয়ালী নেওয়াজ খান কলেজ,thana2821@instance.com,4,28,2821,thana
2803,UyZcyCZr,কটিয়াদী উপজেলা,thana2803@instance.com,4,28,2803,thana
2809,TTTXpJCZ,করিমগঞ্জ উপজেলা,thana2809@instance.com,4,28,2809,thana
2813,y3c2GxSy,কুলিয়ারচর উপজেলা,thana2813@instance.com,4,28,2813,thana
2804,8Jc3pXau,গুরুদয়াল সরকারি কলেজ আদর্শ থানা,thana2804@instance.com,4,28,2804,thana
2810,Z8dwyKnQ,তাড়াইল উপজেলা,thana2810@instance.com,4,28,2810,thana
2824,uzXWgCtk,ধুমকেতু,thana2824@instance.com,4,28,2824,thana
2815,UJTT8ADR,নিকলী উপজেলা,thana2815@instance.com,4,28,2815,thana
2822,dqnrrfrd,পলিটেকনিক,thana2822@instance.com,4,28,2822,thana
2808,rEyWB5Fb,পাকুন্দিয়া উপজেলা,thana2808@instance.com,4,28,2808,thana
2811,NkVHTxk7,পুলেরঘাট আঞ্চলিক শাখা,thana2811@instance.com,4,28,2811,thana
2812,gj9ajydi,বাজিতপুর উপজেলা,thana2812@instance.com,4,28,2812,thana
2814,XGDm3dD3,ভৈরব উপজেলা,thana2814@instance.com,4,28,2814,thana
2819,XeGmUeBc,মঙ্গলবাড়ীয়া কামিল মাদরাসা,thana2819@instance.com,4,28,2819,thana
2805,qmXN2cSj,মাদ্রাসা আদর্শ থানা,thana2805@instance.com,4,28,2805,thana
2817,T8y9EEXa,মিঠামইন উপজেলা,thana2817@instance.com,4,28,2817,thana
2823,pmmnVMH9,মেডিকেল জোন থানা,thana2823@instance.com,4,28,2823,thana
2801,UgBjBG8T,শহর আদর্শ থানা,thana2801@instance.com,4,28,2801,thana
2802,fEng6DHY,সদর পশ্চিম আদর্শ থানা,thana2802@instance.com,4,28,2802,thana
2806,ejYkebDk,সদর পূর্ব,thana2806@instance.com,4,28,2806,thana
2820,fUfTisfT,স্কুল শাখা,thana2820@instance.com,4,28,2820,thana
2807,z6MpSzQQ,হোসেনপুর উপজেলা,thana2807@instance.com,4,28,2807,thana
3011,69yfkMtT,আটপাড়া পশ্চিম শাখা,thana3011@instance.com,4,30,3011,thana
3013,GJCdUiXq,আটপাড়া পূর্ব শাখা,thana3013@instance.com,4,30,3013,thana
3007,hbZq82eP,আবু আব্বাছ শাখা,thana3007@instance.com,4,30,3007,thana
3003,MQtAJGRn,আলিয়া শাখা,thana3003@instance.com,4,30,3003,thana
3017,KRPtiu29,কলমাকান্দা থানা শাখা,thana3017@instance.com,4,30,3017,thana
3012,SnPKHvG8,কেন্দুয়া থানা শাখা,thana3012@instance.com,4,30,3012,thana
3021,f9AeVFjr,খালিয়াজুরী থানা শাখা,thana3021@instance.com,4,30,3021,thana
3020,Fdif58vY,দূর্গাপুর থানা শাখা,thana3020@instance.com,4,30,3020,thana
3019,yXQXM6sX,পূর্বধলা থানা শাখা,thana3019@instance.com,4,30,3019,thana
3009,QqPKJkwN,প্রত্যাসা সাংষ্কৃতিক সংসদ,thana3009@instance.com,4,30,3009,thana
3015,jVhEFyWD,বারহাট্টা থানা শাখা,thana3015@instance.com,4,30,3015,thana
3022,EtCpQH85,মদন থানা শাখা,thana3022@instance.com,4,30,3022,thana
3016,CkUT8t3X,মোহনগঞ্জ থানা শাখা,thana3016@instance.com,4,30,3016,thana
3001,eAPyzkwZ,শহর আর্দশ থানা শাখা,thana3001@instance.com,4,30,3001,thana
3010,q7TWdaSk,শিশু কল্যাণ শাখা,thana3010@instance.com,4,30,3010,thana
3018,nkKKEp5h,শ্যামগঞ্জ থানা শাখা,thana3018@instance.com,4,30,3018,thana
3005,hA2fcVKc,সদর দক্ষিণ শাখা,thana3005@instance.com,4,30,3005,thana
3006,QiQ3uYd3,সদর পশ্চিম শাখা,thana3006@instance.com,4,30,3006,thana
3004,KCrhENJi,সদর পূর্ব আদর্শ শাখা,thana3004@instance.com,4,30,3004,thana
3002,A4dz6nhf,সরকারি কলেজ আদর্শ শাখা,thana3002@instance.com,4,30,3002,thana
3008,pA3hKHa9,স্কুল ও বির্তক শাখা,thana3008@instance.com,4,30,3008,thana
3110,vtHEDZRB,ইসলামপুর উপজেলা,thana3110@instance.com,4,31,3110,thana
3101,6GPahSgK,জামালপুর শহর আদর্শ থানা,thana3101@instance.com,4,31,3101,thana
3117,4fjydJtt,দিগন্ত সাংস্কৃতিক সংসদ (দিসাস),thana3117@instance.com,4,31,3117,thana
3111,PT6rtYuf,দেওয়ানগঞ্জ আদর্শ থানা,thana3111@instance.com,4,31,3111,thana
3112,cjyU9cCt,বকশীগঞ্জ উপজেলা,thana3112@instance.com,4,31,3112,thana
3114,TgKMDQEJ,বিশ্ববিদ্যালয়,thana3114@instance.com,4,31,3114,thana
3107,y37F5Eyg,মাদারগঞ্জ উপজেলা,thana3107@instance.com,4,31,3107,thana
3105,YW3YbAte,মেলান্দহ আদর্শ থানা,thana3105@instance.com,4,31,3105,thana
3116,H5K2PNyJ,শিশুকল্যাণ,thana3116@instance.com,4,31,3116,thana
3104,HgGv4ccp,সদর থানা দক্ষিণ,thana3104@instance.com,4,31,3104,thana
3103,hjBeghiC,সদর থানা পূর্ব,thana3103@instance.com,4,31,3103,thana
3102,QgryW2bt,সরকারি আশেক মাহমুদ কলেজ,thana3102@instance.com,4,31,3102,thana
3108,kgRXSEXD,সরিষাবাড়ী উত্তর আদর্শ থানা,thana3108@instance.com,4,31,3108,thana
3109,wRiXxe6j,সরিষাবাড়ী দক্ষিণ আদর্শ থানা,thana3109@instance.com,4,31,3109,thana
3113,TuvXYkwh,সানন্দবাড়ী,thana3113@instance.com,4,31,3113,thana
3115,V365XieS,স্কুল বিভাগ,thana3115@instance.com,4,31,3115,thana
3106,nme769qi,হাজরাবাড়ী পৌরসভা,thana3106@instance.com,4,31,3106,thana
3203,UCgXUUZP,ঝিনাইগাতী,thana3203@instance.com,4,32,3203,thana
3205,SetCvNjX,নকলা,thana3205@instance.com,4,32,3205,thana
3204,3hWX86w3,নালিতাবাড়ী,thana3204@instance.com,4,32,3204,thana
3211,i6egTE2x,শিশুকল্যাণ,thana3211@instance.com,4,32,3211,thana
3206,ZwHUaRQe,শেরপুর শহর,thana3206@instance.com,4,32,3206,thana
3207,2WUacdek,শেরপুর সদর,thana3207@instance.com,4,32,3207,thana
3208,hCzMX8sc,শেরপুর সরকারী কলেজ,thana3208@instance.com,4,32,3208,thana
3210,afx4CASn,শেরপুর সরকারী পলিটেকনিক ইনস্টিটিউট,thana3210@instance.com,4,32,3210,thana
3201,DjqTfQFg,শ্রীবরদী উত্তর,thana3201@instance.com,4,32,3201,thana
3202,FYEXWNTc,শ্রীবরদী দক্ষিণ,thana3202@instance.com,4,32,3202,thana
3212,xmqVMCAY,সঞ্জিবন সাংস্কৃতিক সংসদ,thana3212@instance.com,4,32,3212,thana
3209,QWzcJnCX,স্কুল বিভাগ,thana3209@instance.com,4,32,3209,thana
3302,KrNJE2pp,মেডিকেল,thana3302@instance.com,4,33,3302,thana
3317,vj7ydQAH,আলিয়াবাদ,thana3317@instance.com,4,33,3317,thana
3305,2UV7EGhM,ইঞ্জিনিয়ারিং কলেজ,thana3305@instance.com,4,33,3305,thana
3304,Gdkjmi3Y,ইয়াসিন কলেজ,thana3304@instance.com,4,33,3304,thana
3318,9bBYNZ9K,গেরদা,thana3318@instance.com,4,33,3318,thana
3312,Vb9Jyag6,চরমাধবদিয়া,thana3312@instance.com,4,33,3312,thana
3310,mdDdDCHm,ঝংকার শিল্পীগোষ্ঠী,thana3310@instance.com,4,33,3310,thana
3319,K7uSSc4Z,নর্থচ্যানেল,thana3319@instance.com,4,33,3319,thana
3303,Zfns35tr,পলিটেকনিক ইন্সটিটিউট,thana3303@instance.com,4,33,3303,thana
3316,7hnUWpzv,পৌর উত্তর,thana3316@instance.com,4,33,3316,thana
3314,9WUDPkeg,পৌর পশ্চিম,thana3314@instance.com,4,33,3314,thana
3315,nW3RUgq9,পৌর পূর্ব,thana3315@instance.com,4,33,3315,thana
3308,Z7kYcmaS,মাদ্রাসা বিভাগ,thana3308@instance.com,4,33,3308,thana
3320,xmPZydBr,মেরিন ইন্সটিটিউট,thana3320@instance.com,4,33,3320,thana
3306,vGJ94yzv,ম্যাটস ইন্সটিটিউট,thana3306@instance.com,4,33,3306,thana
3301,KwZXHBU4,রাজেন্দ্র কলেজ,thana3301@instance.com,4,33,3301,thana
3309,Wv3RJkFe,শিশু কল্যাণ,thana3309@instance.com,4,33,3309,thana
3313,SVpsbZCW,সদর উত্তর,thana3313@instance.com,4,33,3313,thana
3311,MQKKrjuk,সদর পশ্চিম,thana3311@instance.com,4,33,3311,thana
3307,hmR2tP6a,স্কুল বিভাগ,thana3307@instance.com,4,33,3307,thana
3408,7sHbGkEr,আলফাডাঙ্গা উপজেলা,thana3408@instance.com,5,34,3408,thana
3414,4CPFnchk,চরভদ্রাসন উপজেলা,thana3414@instance.com,5,34,3414,thana
3410,KgRXB9nG,নগরকান্দা উপজেলা,thana3410@instance.com,5,34,3410,thana
3405,EXqxUc7m,বোয়ালমারী উপজেলা,thana3405@instance.com,5,34,3405,thana
3407,qhAjEHaf,বোয়ালমারী দক্ষিণ,thana3407@instance.com,5,34,3407,thana
3406,JgAyHQev,বোয়ালমারী পৌরসভা,thana3406@instance.com,5,34,3406,thana
3412,dsWQc7Ea,ভাংগা উপজেলা,thana3412@instance.com,5,34,3412,thana
3411,acAVMjP6,ভাংগা পৌরসভা,thana3411@instance.com,5,34,3411,thana
3404,PegVCu7T,মধুখালী দক্ষিণ,thana3404@instance.com,5,34,3404,thana
3403,anGk7ghr,মধুখালী পশ্চিম,thana3403@instance.com,5,34,3403,thana
3401,jndC5nE9,মধুখালী পূর্ব,thana3401@instance.com,5,34,3401,thana
3402,BcC2axXH,মধুখালী পৌরসভা,thana3402@instance.com,5,34,3402,thana
3413,ayVdcQeu,সদরপুর উপজেলা,thana3413@instance.com,5,34,3413,thana
3409,wKkWC96A,সালথা উপজেলা,thana3409@instance.com,5,34,3409,thana
3510,vhFEWmPK,কালুখালি উপজেলা,thana3510@instance.com,5,35,3510,thana
3508,HhHef8HS,গোয়ালন্দ উপজেলা,thana3508@instance.com,5,35,3508,thana
3512,zdhNUbfF,পাংশা উপজেলা,thana3512@instance.com,5,35,3512,thana
3511,iPViJcuF,পাংশা পৌরসভা,thana3511@instance.com,5,35,3511,thana
3509,YVzRySjy,বালিয়াকান্দি,thana3509@instance.com,5,35,3509,thana
3514,CbSga6Vx,মাদরাসা বিভাগ,thana3514@instance.com,5,35,3514,thana
3503,83Raydjq,মিজানপুর,thana3503@instance.com,5,35,3503,thana
3502,AfBgvwj2,রাজবাড়ী কলেজ,thana3502@instance.com,5,35,3502,thana
3501,2FhjkvVv,রাজবাড়ী পৌরসভা আদর্শ থানা,thana3501@instance.com,5,35,3501,thana
3516,Q6czJ3Wk,শিশু বিভাগ,thana3516@instance.com,5,35,3516,thana
3506,VYRgCGtZ,সদর উত্তর,thana3506@instance.com,5,35,3506,thana
3507,BjHDvs2e,সদর দক্ষিণ,thana3507@instance.com,5,35,3507,thana
3505,G2pp2c7W,সদর পম্চিম,thana3505@instance.com,5,35,3505,thana
3504,NJ5Za2Hh,সদর পূর্ব,thana3504@instance.com,5,35,3504,thana
3513,MY8mxvmg,সাংস্কৃতিক বিভাগ,thana3513@instance.com,5,35,3513,thana
3515,C8z3CgcK,স্কুল বিভাগ,thana3515@instance.com,5,35,3515,thana
3607,rWgFVEaX,কলেজ,thana3607@instance.com,5,36,3607,thana
3602,sWd6TgcF,কাশিয়ানি,thana3602@instance.com,5,36,3602,thana
3603,zVdieniQ,কোটালিপাড়া,thana3603@instance.com,5,36,3603,thana
3610,WZYRnAXA,টেক্সটাইল,thana3610@instance.com,5,36,3610,thana
3609,jF6GtJih,প্রত্যুষা,thana3609@instance.com,5,36,3609,thana
3612,i8f8XRSm,মসাস,thana3612@instance.com,5,36,3612,thana
3608,K9GjJCBC,মাদ্রাসা,thana3608@instance.com,5,36,3608,thana
3601,XGXnJfi8,মুকসুদপুর,thana3601@instance.com,5,36,3601,thana
3605,PGp8FtNy,শহর,thana3605@instance.com,5,36,3605,thana
3611,2PAi6udX,শিশু কল্যাণ,thana3611@instance.com,5,36,3611,thana
3604,3VkxK8ac,সদর,thana3604@instance.com,5,36,3604,thana
3606,Fkiffbsd,স্কুল,thana3606@instance.com,5,36,3606,thana
3707,RiJq5uHR,কালকিনী উপজেলা,thana3707@instance.com,5,37,3707,thana
3706,jBSYMpeP,কালকিনী পেীরসভা,thana3706@instance.com,5,37,3706,thana
3705,mU2APswt,ডাসার,thana3705@instance.com,5,37,3705,thana
3713,5PPQHGsA,নীহরিকা সাহিত্য সাংস্কৃতিক সংসদ,thana3713@instance.com,5,37,3713,thana
3702,YupZrqH2,পৌরসভা,thana3702@instance.com,5,37,3702,thana
3701,GCXNWJS2,মাদারীপুর সরকারি কলেজ,thana3701@instance.com,5,37,3701,thana
3710,9nzErXgS,রাজৈর উপজেলা,thana3710@instance.com,5,37,3710,thana
3711,4dhKCtMu,শিবচর উপজেলা,thana3711@instance.com,5,37,3711,thana
3712,9hrh7CBj,শিশুকল্যাণ,thana3712@instance.com,5,37,3712,thana
3703,ZHFqui9q,সদর পশ্চিম,thana3703@instance.com,5,37,3703,thana
3704,D8p46TCY,সদর পূর্ব,thana3704@instance.com,5,37,3704,thana
3709,pSuM75F5,সাহবেরামপুর,thana3709@instance.com,5,37,3709,thana
3714,VaADKJky,স্কুল বিভাগ,thana3714@instance.com,5,37,3714,thana
3708,JVT4qMGM,স্নানঘাটা,thana3708@instance.com,5,37,3708,thana
3813,5TKyfFWw,এসপিআই থানা,thana3813@instance.com,5,38,3813,thana
3804,YhhneD5R,গোসাইরহাট থানা,thana3804@instance.com,5,38,3804,thana
3810,zSjCR44p,জাজিরা থানা,thana3810@instance.com,5,38,3810,thana
3802,wRj6HjMg,ডামুড্যা আদর্শ থানা,thana3802@instance.com,5,38,3802,thana
3806,Pts8QeaT,ডামুড্যা উত্তর থানা,thana3806@instance.com,5,38,3806,thana
3805,2iUYKHWj,ডামুড্যা পশ্চিম থানা,thana3805@instance.com,5,38,3805,thana
3809,qc5Avejs,নড়িয়া থানা,thana3809@instance.com,5,38,3809,thana
3803,tYtfGPUX,ভেদরগঞ্জ আদর্শ থানা,thana3803@instance.com,5,38,3803,thana
3807,K5RcxuiF,ভেদরগঞ্জ উত্তর থানা,thana3807@instance.com,5,38,3807,thana
3801,5BFusZMp,শহর আদর্শ থানা,thana3801@instance.com,5,38,3801,thana
3808,qChjdbE8,সখিপুর থানা,thana3808@instance.com,5,38,3808,thana
3811,X76RmewB,সদর উত্তর থানা,thana3811@instance.com,5,38,3811,thana
3812,EYFTUa8W,সরকারী কলেজ,thana3812@instance.com,5,38,3812,thana
3914,bfUw7MUW,আলীয়া মদরাসা,thana3914@instance.com,5,39,3914,thana
3925,4Gicsqe6,ইংলিশ মিডিয়াম,thana3925@instance.com,5,39,3925,thana
3908,tY8hRmf8,কোতোয়ালি উত্তর,thana3908@instance.com,5,39,3908,thana
3909,cYGhtSn9,কোতোয়ালি দক্ষিণ,thana3909@instance.com,5,39,3909,thana
3907,v2AdWSPe,চকবাজার,thana3907@instance.com,5,39,3907,thana
3912,r8HYassH,চট্টগ্রাম কলেজ,thana3912@instance.com,5,39,3912,thana
3918,wPHWSbRz,চট্টগ্রাম পলিটেকনিক ইনস্টিটিউট,thana3918@instance.com,5,39,3918,thana
3915,SwkbZ2Br,চট্টগ্রাম মেডিকেল কলেজ,thana3915@instance.com,5,39,3915,thana
3901,q8QCtRTB,চান্দগাঁও উত্তর,thana3901@instance.com,5,39,3901,thana
3902,Y7RZCESk,চান্দগাঁও দক্ষিণ,thana3902@instance.com,5,39,3902,thana
3903,mrMgqBz4,চান্দগাঁও পশ্চিম,thana3903@instance.com,5,39,3903,thana
3905,aaNUdcCc,পাঁচলাইশ উত্তর,thana3905@instance.com,5,39,3905,thana
3906,K5SfifKP,পাঁচলাইশ দক্ষিণ,thana3906@instance.com,5,39,3906,thana
3911,STxKn6Hy,বাকলিয়া উত্তর,thana3911@instance.com,5,39,3911,thana
3910,tZHqTE2D,বাকলিয়া থানা দক্ষিণ,thana3910@instance.com,5,39,3910,thana
3904,EqENNRve,বায়েজিদ,thana3904@instance.com,5,39,3904,thana
3921,BG8KkEvK,বেসরকারি কলেজ,thana3921@instance.com,5,39,3921,thana
3920,hHkx5hUF,বেসরকারি বিশ্ববিদ্যালয়,thana3920@instance.com,5,39,3920,thana
3919,wAQWBd5Q,বেসরকারি মেডিকেল,thana3919@instance.com,5,39,3919,thana
3913,ZZYXfrK7,মহসিন কলেজ,thana3913@instance.com,5,39,3913,thana
3923,cR5ca85S,মাদরাসা বিভাগ,thana3923@instance.com,5,39,3923,thana
3922,NvHb6CKP,শিশুকল্যাণ,thana3922@instance.com,5,39,3922,thana
3924,fUyhjWCK,সাহিত্য সাংস্কৃতি,thana3924@instance.com,5,39,3924,thana
3916,HCDM4Wnu,স্কুল উত্তর,thana3916@instance.com,5,39,3916,thana
3917,sK5hnpin,স্কুল থানা দক্ষিণ,thana3917@instance.com,5,39,3917,thana
4015,ZY8hBuUb,BSA,thana4015@instance.com,5,40,4015,thana
4014,APtuU6dJ,BSC,thana4014@instance.com,5,40,4014,thana
4012,hvEtzS7K,C1,thana4012@instance.com,5,40,4012,thana
4013,eFZa4Py3,C2,thana4013@instance.com,5,40,4013,thana
4016,uUtz2Gdu,PM,thana4016@instance.com,5,40,4016,thana
4009,uK8e59X3,আকবরশাহ,thana4009@instance.com,5,40,4009,thana
4002,ZTf3VU5a,ইপিজেড,thana4002@instance.com,5,40,4002,thana
4010,qeEwtxpc,খুলশী,thana4010@instance.com,5,40,4010,thana
4005,6RyHTPrY,ডবলমুরিং,thana4005@instance.com,5,40,4005,thana
4001,MZvc5vXf,পতেঙ্গা থানা,thana4001@instance.com,5,40,4001,thana
4008,Ptb9yi2g,পাহাড়তলী,thana4008@instance.com,5,40,4008,thana
4003,wrCrgW8j,বন্দর,thana4003@instance.com,5,40,4003,thana
4022,wgAevApD,বিএস বিভাগ,thana4022@instance.com,5,40,4022,thana
4011,SpdgwvCE,বিশ্ববিদ্যালয়,thana4011@instance.com,5,40,4011,thana
4021,RY5ErJPd,মডেল স্কুল,thana4021@instance.com,5,40,4021,thana
4019,PcEmJtkM,শিশুকল্যাণ,thana4019@instance.com,5,40,4019,thana
4020,TcQeAEmk,সংস্কৃতি,thana4020@instance.com,5,40,4020,thana
4004,Abe7wRAG,সদরঘাট,thana4004@instance.com,5,40,4004,thana
4018,2smgb7xA,স্কুল উত্তর,thana4018@instance.com,5,40,4018,thana
4017,UAMnK99N,স্কুল দক্ষিণ,thana4017@instance.com,5,40,4017,thana
4006,Dg5tNhtg,হালিশহর পশ্চিম,thana4006@instance.com,5,40,4006,thana
4007,NjgYxjWt,হালিশহর পূর্ব,thana4007@instance.com,5,40,4007,thana
4115,VnEUFRkQ,অতীশ দীপঙ্কর হল,thana4115@instance.com,6,41,4115,thana
4106,tdZUuejX,আইন অনুষদ,thana4106@instance.com,6,41,4106,thana
4109,2b24RbiY,আমানত হল,thana4109@instance.com,6,41,4109,thana
4110,t7pQh4yx,আলাওল হল,thana4110@instance.com,6,41,4110,thana
4111,uMeDjwr5,এএফ রহমান হল,thana4111@instance.com,6,41,4111,thana
4128,FKMpgNkc,এগ্রিকালচার টেনিং ইনিস্টিটিউট,thana4128@instance.com,6,41,4128,thana
4120,ND2EHSGY,কটেজ উত্তর,thana4120@instance.com,6,41,4120,thana
4121,nUGDjAJk,কটেজ দক্ষিণ,thana4121@instance.com,6,41,4121,thana
4105,8juxgmFf,কলা অনুষদ,thana4105@instance.com,6,41,4105,thana
4118,bXehzWZD,ক্যাম্পাস,thana4118@instance.com,6,41,4118,thana
4103,UeeimrVn,জীববিজ্ঞান অনুষদ,thana4103@instance.com,6,41,4103,thana
4122,FTRY5DdR,দক্ষিণ পাহাড়তলী,thana4122@instance.com,6,41,4122,thana
4126,Aea4JVAe,দুর্নিবার,thana4126@instance.com,6,41,4126,thana
4116,RzZZfEjN,ফতেপুর,thana4116@instance.com,6,41,4116,thana
4101,Nhpakehm,বিজ্ঞান অনুষদ,thana4101@instance.com,6,41,4101,thana
4102,4B5GRDiy,ব্যবসায় প্রশাসন অনুষদ,thana4102@instance.com,6,41,4102,thana
4124,CEmjx4wc,মাদরাসা,thana4124@instance.com,6,41,4124,thana
4112,ZV7ntTcj,শহীদ আব্দুর রব হল,thana4112@instance.com,6,41,4112,thana
4123,jAD5aMAB,শহীদ ফরহাদ হল,thana4123@instance.com,6,41,4123,thana
4107,Vxg4TfrP,শাহজালাল হল,thana4107@instance.com,6,41,4107,thana
4125,fkUZ3c7j,শিশুকল্যাণ,thana4125@instance.com,6,41,4125,thana
4127,Fs4tYQDz,সবুজালয়,thana4127@instance.com,6,41,4127,thana
4104,MJAVkjSr,সমাজবিজ্ঞান অনুষদ,thana4104@instance.com,6,41,4104,thana
4119,CZZ6JdA8,সূর্যসেন হল,thana4119@instance.com,6,41,4119,thana
4108,28QyWKRy,সোহরাওয়ার্দী হল,thana4108@instance.com,6,41,4108,thana
4113,WyagMMfx,হাটহাজারী দক্ষিণ,thana4113@instance.com,6,41,4113,thana
4114,wev4W2bV,হাটহাজারী পূর্ব,thana4114@instance.com,6,41,4114,thana
4117,gXUCUsfR,হাটহাজারী সদর,thana4117@instance.com,6,41,4117,thana
4216,jFFWmaiy,আবাবিল,thana4216@instance.com,6,42,4216,thana
4218,sdFdDYJW,ইকোজোন,thana4218@instance.com,6,42,4218,thana
4217,8Dtf5bBQ,ট্রেডজোন,thana4217@instance.com,6,42,4217,thana
4220,GxqFkkTg,ড্রিমনেস্ট,thana4220@instance.com,6,42,4220,thana
4210,t82GUn3e,দরিয়া,thana4210@instance.com,6,42,4210,thana
4225,aJa3qRss,দর্পণ,thana4225@instance.com,6,42,4225,thana
4214,WF3nWyNH,দিগন্ত,thana4214@instance.com,6,42,4214,thana
4222,y8jDYdRk,দ্বীপ,thana4222@instance.com,6,42,4222,thana
4211,RgRAQjUH,ধানসিঁড়ি,thana4211@instance.com,6,42,4211,thana
4213,FVcxBqFN,মোহনা,thana4213@instance.com,6,42,4213,thana
4212,UkffdJ9R,মৌচাক,thana4212@instance.com,6,42,4212,thana
4224,5gYmAstk,শতাব্দী,thana4224@instance.com,6,42,4224,thana
4219,WPXDyDnK,সঞ্চিতা,thana4219@instance.com,6,42,4219,thana
4215,sFGmB5A3,সানরাইজ,thana4215@instance.com,6,42,4215,thana
4306,ikRk9SYh,আবুতোরাব থানা,thana4306@instance.com,6,43,4306,thana
4333,etRe8EYw,আলমশাহপাড়া আলীয়া মাদ্রাসা,thana4333@instance.com,6,43,4333,thana
4332,nAng5Zi6,এবি কলেজ থানা,thana4332@instance.com,6,43,4332,thana
4336,j6UwV2qB,এস কে এম থানা,thana4336@instance.com,6,43,4336,thana
4301,QTKCe2ki,করেরহাট  থfনা,thana4301@instance.com,6,43,4301,thana
4337,ucma8aAp,কসাস,thana4337@instance.com,6,43,4337,thana
4325,HbjA96np,গহিরা,thana4325@instance.com,6,43,4325,thana
4303,sCfPdBUA,জোরারগন্জ থানা,thana4303@instance.com,6,43,4303,thana
4334,RSRApyUT,নাজিরহাট আলীয়া মাদ্রাসা,thana4334@instance.com,6,43,4334,thana
4335,f9g4pAEj,নাজিরহাট কলেজ,thana4335@instance.com,6,43,4335,thana
4312,H65dzT4z,নাজিরহাট পৌরসভা,thana4312@instance.com,6,43,4312,thana
4314,ZzGyMiNW,নাজিরহাট শহর,thana4314@instance.com,6,43,4314,thana
4307,zsKvywx8,নিজামপুর থানা,thana4307@instance.com,6,43,4307,thana
4310,qGrqY9Ks,পাইন্দং,thana4310@instance.com,6,43,4310,thana
4311,t9aVKrs5,ফটিকছড়ি শহর,thana4311@instance.com,6,43,4311,thana
4322,vvcFiFNU,বাঁশবাড়িয়া থানা,thana4322@instance.com,6,43,4322,thana
4321,Efds4MEi,বাড়বকুন্ড থানা,thana4321@instance.com,6,43,4321,thana
4308,DX5JDKmN,ভূজপুর উত্তর,thana4308@instance.com,6,43,4308,thana
4309,n8eRA8Ni,ভূজপুর মধ্যম,thana4309@instance.com,6,43,4309,thana
4331,tfqJnpJ3,মডেল  থানা,thana4331@instance.com,6,43,4331,thana
4302,kkdj2Pwz,মিরসরাই উত্তর,thana4302@instance.com,6,43,4302,thana
4305,frEeuycm,মীরসরাই শহর,thana4305@instance.com,6,43,4305,thana
4327,E5NSxRM3,রাউজান দক্ষিন,thana4327@instance.com,6,43,4327,thana
4326,RZ4eRGnZ,রাউজান শহর,thana4326@instance.com,6,43,4326,thana
4329,d5t2uVUY,রাঙ্গুনিয়া উত্তর,thana4329@instance.com,6,43,4329,thana
4328,2PUg2bXK,রাঙ্গুনিয়া শহর,thana4328@instance.com,6,43,4328,thana
4330,BQffEVrE,রানিরহাট,thana4330@instance.com,6,43,4330,thana
4313,9jtfhExM,শিশু কল্যান,thana4313@instance.com,6,43,4313,thana
4315,M6RdEcGh,সন্দ্বীপ উত্তর,thana4315@instance.com,6,43,4315,thana
4317,ZP3RtdC5,সন্দ্বীপ দক্ষিণ,thana4317@instance.com,6,43,4317,thana
4318,ErfNCdbP,সন্দ্বীপ পূর্ব,thana4318@instance.com,6,43,4318,thana
4316,6avnRg5J,সন্দ্বীপ শহর,thana4316@instance.com,6,43,4316,thana
4319,Au9JxePB,সীতাকুন্ড উত্তর,thana4319@instance.com,6,43,4319,thana
4323,9eysdkRP,সীতাকুন্ড দক্ষিণ,thana4323@instance.com,6,43,4323,thana
4320,sjjfxkEm,সীতাকুন্ড শহর,thana4320@instance.com,6,43,4320,thana
4304,mjJ9Efsd,সুফিয়া থানা,thana4304@instance.com,6,43,4304,thana
4324,ikp3Vq7j,হাটহাজারী উত্তর,thana4324@instance.com,6,43,4324,thana
4410,RHjuq6gF,কেরানীহাট আদর্শ থানা শাখা,thana4410@instance.com,6,44,4410,thana
4406,idcQYZwp,গারাংগিয়া আদর্শ থানা শাখা,thana4406@instance.com,6,44,4406,thana
4412,VYKSMedR,চন্দনাইশ দক্ষিণ থানা শাখা,thana4412@instance.com,6,44,4412,thana
4413,SpJeGmAs,চন্দনাইশ শহর থানা শাখা,thana4413@instance.com,6,44,4413,thana
4401,DGUE3jWA,চুনতি আদর্শ থানা শাখা,thana4401@instance.com,6,44,4401,thana
4416,84yF3bAk,দারুল হিকমাহ,thana4416@instance.com,6,44,4416,thana
4405,Bk7T4VFV,লোহাগাড়া উত্তর থানা শাখা,thana4405@instance.com,6,44,4405,thana
4402,JkfBgF2U,লোহাগাড়া পশ্চিম আদর্শ থানা শাখা,thana4402@instance.com,6,44,4402,thana
4404,W6rEhqXt,লোহাগাড়া পূর্ব থানা শাখা,thana4404@instance.com,6,44,4404,thana
4403,Jb9Nks9n,লোহাগাড়া শহর আদর্শ থানা শাখা,thana4403@instance.com,6,44,4403,thana
4414,kFzfVxny,শহীদ আলী হোসাইন (SAH) থানা শাখা,thana4414@instance.com,6,44,4414,thana
4415,vVPkUMXX,শিশুকল্যাণ,thana4415@instance.com,6,44,4415,thana
4417,Nyjuyz5k,সংস্কৃতি বিভাগ,thana4417@instance.com,6,44,4417,thana
4411,qjgNzA7e,সাতকানিয়া উত্তর থানা শাখা,thana4411@instance.com,6,44,4411,thana
4408,fqTFgDmZ,সাতকানিয়া কলেজ থানা শাখা,thana4408@instance.com,6,44,4408,thana
4409,dkR4ykaa,সাতকানিয়া পশ্চিম থানা শাখা,thana4409@instance.com,6,44,4409,thana
4407,9X7bApgh,সাতকানিয়া শহর আদর্শ থানা শাখা,thana4407@instance.com,6,44,4407,thana
4609,uWW6wxmF,কাওখালী থানা,thana4609@instance.com,6,46,4609,thana
4607,njc5mES8,কাপ্তাই দক্ষিণ,thana4607@instance.com,6,46,4607,thana
4608,jbT6jk4K,চন্দ্রঘোনা থানা,thana4608@instance.com,6,46,4608,thana
4606,C4JhwA9Y,পলিটেকনিক থানা,thana4606@instance.com,6,46,4606,thana
4612,xiw9RkfQ,বাঘাইছড়ি থানা শাখা,thana4612@instance.com,6,46,4612,thana
4614,j9pwEjBD,বিশ্ববিদ্যালয় থানা,thana4614@instance.com,6,46,4614,thana
4605,NGVaDNGG,মাদরাসা বিভাগ,thana4605@instance.com,6,46,4605,thana
4602,SDMmc7Nc,রাঙ্গামাটি সদর থানা,thana4602@instance.com,6,46,4602,thana
4603,iDbSYhwH,রাঙ্গামাটি সরকারী কলেজ,thana4603@instance.com,6,46,4603,thana
4610,bBZrnH2M,লংগদু থানা,thana4610@instance.com,6,46,4610,thana
4601,Kbf2nJyv,শহর আদর্শ শাখা,thana4601@instance.com,6,46,4601,thana
4613,MRTqSjna,শিশুকল্যাণ বিভাগ,thana4613@instance.com,6,46,4613,thana
4604,wWcvARC7,স্কুল বিভাগ,thana4604@instance.com,6,46,4604,thana
4706,SfBpBiAc,খাগড়াছাড়ি সরকারি কলেজ,thana4706@instance.com,6,47,4706,thana
4701,F8aUnKcw,খাগড়াছড়ি সদর,thana4701@instance.com,6,47,4701,thana
4704,wEiDA6hP,গুইমারা,thana4704@instance.com,6,47,4704,thana
4709,CGQU95Rd,তবলছড়ি,thana4709@instance.com,6,47,4709,thana
4711,VTqkgKQC,দীঘিনালা,thana4711@instance.com,6,47,4711,thana
4705,Yz2QhgCh,পলিটেকনিক,thana4705@instance.com,6,47,4705,thana
4707,yBPYdzQM,পানছড়ি,thana4707@instance.com,6,47,4707,thana
4710,USBFwfwr,মহালছড়ি,thana4710@instance.com,6,47,4710,thana
4703,D4JxknmJ,মাটিরাংগা,thana4703@instance.com,6,47,4703,thana
4708,DBDJQTCR,মানিকছড়ি,thana4708@instance.com,6,47,4708,thana
4712,wtgCjiRe,মুক্তধারা সাহিত্য সাংস্কৃতিক সংসদ,thana4712@instance.com,6,47,4712,thana
4702,uKJEPYPs,রামগড়,thana4702@instance.com,6,47,4702,thana
4809,VvAiQVky,আজিজনগর সাংগঠণিক থানা,thana4809@instance.com,6,48,4809,thana
4811,V7qDBJwK,আালিকদম উপজেলা,thana4811@instance.com,6,48,4811,thana
4812,PegwKypX,নাইক্ষ্যংছড়ি উপজেলা,thana4812@instance.com,6,48,4812,thana
4813,t9VS72ib,বাইশাারী  সাংগঠনিক থানা,thana4813@instance.com,6,48,4813,thana
4803,BtYhVbCD,বান্দরবন স্কুল বিভাগ,thana4803@instance.com,6,48,4803,thana
4802,CeUAwauY,বান্দরবান আর্দশ থানা,thana4802@instance.com,6,48,4802,thana
4804,MFyJeuB4,বান্দরবান মাদ্রাসা বিভাগ,thana4804@instance.com,6,48,4804,thana
4801,cQjUHfvr,বান্দরবান সরকারি কলেজ,thana4801@instance.com,6,48,4801,thana
4807,v87qwJPW,রোয়াংছড়ি উপজেলা,thana4807@instance.com,6,48,4807,thana
4810,FS22hQqn,লামা উপজেলা,thana4810@instance.com,6,48,4810,thana
4805,eFFHTgxy,শিশু কল্যাণ বিভাগ,thana4805@instance.com,6,48,4805,thana
4808,TKT4sFcV,শৈলচূড়া সাংস্কৃতিক সংসদ,thana4808@instance.com,6,48,4808,thana
4806,RBnpUnMn,সদর উপজেলা,thana4806@instance.com,6,48,4806,thana
5008,DMCAjeeJ,ঈদগাঁও উপজেলা আদর্শ থানা,thana5008@instance.com,7,50,5008,thana
5007,wmMyv3Sp,উখিয়া উপজেলা আদর্শ থানা,thana5007@instance.com,7,50,5007,thana
5012,HexmyZAp,কক্সবাজার পলিটেকনিক ইনস্টিটিউট,thana5012@instance.com,7,50,5012,thana
5001,8hKUYCqp,কক্সবাজার পৌরসভা,thana5001@instance.com,7,50,5001,thana
5004,WuTBW28q,কক্সবাজার মেডিকেল কলেজ,thana5004@instance.com,7,50,5004,thana
5006,XjUBWP28,কক্সবাজার সদর উপজেলা শাখা,thana5006@instance.com,7,50,5006,thana
5002,qRqjBhdy,কক্সবাজার সরকারি কলেজ,thana5002@instance.com,7,50,5002,thana
5014,VytarxG3,কক্সবাজার সিটি কলেজ,thana5014@instance.com,7,50,5014,thana
5005,WMjUhYna,কক্সবাজার হাশেমিয়া কামিল (মাস্টার্স) মাদ্রাসা,thana5005@instance.com,7,50,5005,thana
5020,enuDpWjD,কুতুবদিয়া উপজেলা,thana5020@instance.com,7,50,5020,thana
5011,NaMv2ACB,গর্জনিয়া সাংগঠনিক আদর্শ থানা শাখা,thana5011@instance.com,7,50,5011,thana
5003,vu3GEeMc,চকরিয়া উপজেলা আদর্শ থানা শাখা,thana5003@instance.com,7,50,5003,thana
5015,GnNGKr2f,চকরিয়া পৌরসভা,thana5015@instance.com,7,50,5015,thana
5010,AZm8jDe7,টেকনাফ উপজেলা আদর্শ থানা শাখা,thana5010@instance.com,7,50,5010,thana
5009,xEhMvARB,পেকুয়া উপজেলা আদর্শ থানা শাখা,thana5009@instance.com,7,50,5009,thana
5019,NmqJ5UKG,মহেশখালী উপজেলা উত্তর,thana5019@instance.com,7,50,5019,thana
5018,2AYSKCjr,মহেশখালী উপজেলা দক্ষিণ,thana5018@instance.com,7,50,5018,thana
5017,pPPVECit,মাতামূহুরী উপজেলা,thana5017@instance.com,7,50,5017,thana
5013,nXZ5uRe8,রামু উপজেলা শাখা,thana5013@instance.com,7,50,5013,thana
5022,eRtMdFeD,শিশুকল্যাণ:,thana5022@instance.com,7,50,5022,thana
5021,dB5ujkEn,সাংস্কৃতিক বিভাগ,thana5021@instance.com,7,50,5021,thana
5016,q8MtBYxv,স্কুল বিভাগ,thana5016@instance.com,7,50,5016,thana
5121,wigRWFRw,অজিতগুহ কলেজ,thana5121@instance.com,7,51,5121,thana
5124,GVT5C8az,আমড়াতলী,thana5124@instance.com,7,51,5124,thana
5120,xFKakz2N,আলিয়া মাদ্রসা,thana5120@instance.com,7,51,5120,thana
5111,79EFtR6j,ইবনে তাইমিয়া কলেজ,thana5111@instance.com,7,51,5111,thana
5110,ZKcSjXC4,ইবনে তাইমিয়া স্কুল,thana5110@instance.com,7,51,5110,thana
5119,vytXEjx9,কুমিল্লা মেডিকেল কলেজ,thana5119@instance.com,7,51,5119,thana
5127,KTcc8JFN,কোচিং,thana5127@instance.com,7,51,5127,thana
5117,bPUaqGne,চৌয়ারা মাদ্রাসা,thana5117@instance.com,7,51,5117,thana
5118,Xkx5MUat,জগন্নাথপুর,thana5118@instance.com,7,51,5118,thana
5105,QTDH7j6w,দূর্গাপুর উত্তর,thana5105@instance.com,7,51,5105,thana
5115,TVqATYjR,নেউরা মাদ্রাসা,thana5115@instance.com,7,51,5115,thana
5123,miDy2EMc,পাঁচথুবী,thana5123@instance.com,7,51,5123,thana
5113,Th8nxH7n,প্রাইভেট মেডিকেল কলেজ শাখা,thana5113@instance.com,7,51,5113,thana
5114,x5RTpwVC,বিশ্বরোড,thana5114@instance.com,7,51,5114,thana
5101,SDe4whdj,ভিক্টোরিয়া কলেজ ডিগ্রি,thana5101@instance.com,7,51,5101,thana
5102,CC7xpKkX,ভিসি আবাসিক,thana5102@instance.com,7,51,5102,thana
5106,qu4UyfAU,ভিসি উচ্চ মাধ্যমিক,thana5106@instance.com,7,51,5106,thana
5122,EKfSMUGW,মুন্সেফ কোয়াটার,thana5122@instance.com,7,51,5122,thana
5107,3BNWQCeR,রেসিডেন্সিয়াল স্কুল এন্ড কলেজ,thana5107@instance.com,7,51,5107,thana
5108,9cQPM94R,শিক্ষাবোর্ড মডেল কলেজ,thana5108@instance.com,7,51,5108,thana
5125,qBDiafaW,শিশুকল্যাণ,thana5125@instance.com,7,51,5125,thana
5103,75FX8Kkv,সরকারি কলেজ,thana5103@instance.com,7,51,5103,thana
5112,ERQHhpjc,সরকারি সিটি কলেজ,thana5112@instance.com,7,51,5112,thana
5104,3EjqxM9R,সরকারী কলেজ আবাসিক,thana5104@instance.com,7,51,5104,thana
5126,3Ajr9yB4,সিন্দাবাদ,thana5126@instance.com,7,51,5126,thana
5109,bwXTdzbq,স্কুল বিভাগ,thana5109@instance.com,7,51,5109,thana
5116,g7KFgMna,হাউজিং এস্টেট,thana5116@instance.com,7,51,5116,thana
5202,Yv7WAedD,কলা ও মানবিক অনুষদ,thana5202@instance.com,7,52,5202,thana
5214,J6dhdXKk,কালিরবাজার,thana5214@instance.com,7,52,5214,thana
5208,HM3xCKTj,পলিটেকনিক ক্যাম্পাস,thana5208@instance.com,7,52,5208,thana
5216,QpmNycdb,প্যারাডাইজ হল,thana5216@instance.com,7,52,5216,thana
5205,fdGhcG6s,প্রকৌশল অনুষদ,thana5205@instance.com,7,52,5205,thana
5204,6yw5nHkm,বিজ্ঞান অনুষদ,thana5204@instance.com,7,52,5204,thana
5215,mNbiej8W,বিজয়-২৪ হল,thana5215@instance.com,7,52,5215,thana
5211,sAdxtfNZ,বিজয়পুর,thana5211@instance.com,7,52,5211,thana
5201,7DFfhh4y,বিশ্ববিদ্যালয় ক্যাম্পাস,thana5201@instance.com,7,52,5201,thana
5212,mqsvxdEP,বেলতলী,thana5212@instance.com,7,52,5212,thana
5206,mtsV5hGE,ব্যবসায় শিক্ষা অনুষদ,thana5206@instance.com,7,52,5206,thana
5213,ja77nkCu,ময়নামতি,thana5213@instance.com,7,52,5213,thana
5219,xnaEFNJK,লালমাই থিয়েটার,thana5219@instance.com,7,52,5219,thana
5220,nQSaDHgM,শিশুকল্যান,thana5220@instance.com,7,52,5220,thana
5217,AFVNMi4M,সানলাইট মিডিয়া,thana5217@instance.com,7,52,5217,thana
5203,WanFjiip,সামাজিক বিজ্ঞান অনুষদ,thana5203@instance.com,7,52,5203,thana
5207,ZfrQNRUi,সিসিএন ক্যাম্পাস,thana5207@instance.com,7,52,5207,thana
5218,F6iSjPS4,স্কুল বিভাগ,thana5218@instance.com,7,52,5218,thana
5209,BWKnnrzy,২৩ নং ওয়ার্ড,thana5209@instance.com,7,52,5209,thana
5210,vAb89y8h,২৪ নং ওয়ার্ড,thana5210@instance.com,7,52,5210,thana
5324,jcwjWUEB,গোমতী সাহিত্য সাংস্কৃতিক সংসদ,thana5324@instance.com,7,53,5324,thana
5305,vJ3ZTuHB,চান্দিনা উপজেলা,thana5305@instance.com,7,53,5305,thana
5315,Tqa8MebH,চান্দিনা উপজেলা  দক্ষিন,thana5315@instance.com,7,53,5315,thana
5317,qAkMrDQz,তিতাস উপজেলা,thana5317@instance.com,7,53,5317,thana
5304,URmiqRTw,দাউদকান্দি উপজেলা,thana5304@instance.com,7,53,5304,thana
5322,GCbMq6Dd,দাউদকান্দি উপজেলা দক্ষিন,thana5322@instance.com,7,53,5322,thana
5316,akE2qVf3,দাউদকান্দি উপজেলা পূর্ব,thana5316@instance.com,7,53,5316,thana
5307,Nv44tmZS,দেবিদ্বার উত্তর,thana5307@instance.com,7,53,5307,thana
5301,G2WdUj38,দেবিদ্বার উপজেলা,thana5301@instance.com,7,53,5301,thana
5320,dfYJ7JNV,দেবিদ্বার দক্ষিণ,thana5320@instance.com,7,53,5320,thana
5310,DbEXCQPf,দেবিদ্বার পশ্চিম,thana5310@instance.com,7,53,5310,thana
5309,tdiacQVb,দেবিদ্বার পূর্ব,thana5309@instance.com,7,53,5309,thana
5308,PgDGiC92,ধামতী আলিয়া,thana5308@instance.com,7,53,5308,thana
5319,2ZhUq7tP,বাঙ্গরা বাজার,thana5319@instance.com,7,53,5319,thana
5313,jmE7gsfG,বি-পাড়া উত্তর,thana5313@instance.com,7,53,5313,thana
5303,E9nUWWwy,বি-পাড়া উপজেলা,thana5303@instance.com,7,53,5303,thana
5302,CbdtZEjr,বুড়িচং উপজেলা,thana5302@instance.com,7,53,5302,thana
5311,mkcp8Hcm,বুড়িচং দক্ষিণ,thana5311@instance.com,7,53,5311,thana
5312,AEs6YWPT,বুড়িচং পশ্চিম,thana5312@instance.com,7,53,5312,thana
5306,fBhhkhV5,মুরাদনগর উপজেলা,thana5306@instance.com,7,53,5306,thana
5321,GhTkZjjR,মুরাদনগর দক্ষিণ,thana5321@instance.com,7,53,5321,thana
5314,RCmNFBKV,মুরাদনগর পূর্ব,thana5314@instance.com,7,53,5314,thana
5323,X2DsNyJk,মেঘনা উপজেলা,thana5323@instance.com,7,53,5323,thana
5318,SX6Y7EQr,হোমনা উপজেলা,thana5318@instance.com,7,53,5318,thana
5411,JfdAHD3W,চৌদ্দগ্রাম উপজেলা উত্তর,thana5411@instance.com,7,54,5411,thana
5412,zB35nzdu,চৌদ্দগ্রাম উপজেলা দক্ষিণ,thana5412@instance.com,7,54,5412,thana
5410,fETSDa3t,চৌদ্দগ্রাম উপজেলা সদর,thana5410@instance.com,7,54,5410,thana
5413,Jkvy88wc,চৌদ্দগ্রাম পৌরসভা,thana5413@instance.com,7,54,5413,thana
5404,nXVMMFWp,নওয়াব ফয়েজুন্নেছা সরকারি কলেজ,thana5404@instance.com,7,54,5404,thana
5409,rn8ZxK9W,নাঙ্গলকোট উপজেলা উত্তর,thana5409@instance.com,7,54,5409,thana
5408,askSFfik,নাঙ্গলকোট উপজেলা দক্ষিন,thana5408@instance.com,7,54,5408,thana
5407,n9WYp2VV,নাঙ্গলকোট উপজেলা সদর,thana5407@instance.com,7,54,5407,thana
5421,MJ4VUPU4,প্লাবণ সাহিত্য সাংস্কৃতিক সংসদ,thana5421@instance.com,7,54,5421,thana
5415,FGuifhXX,বরুড়া উপজেলা দক্ষিণ,thana5415@instance.com,7,54,5415,thana
5416,gv7cVGSm,বরুড়া উপজেলা পশ্চিম,thana5416@instance.com,7,54,5416,thana
5414,X4BekN6U,বরুড়া উপজেলা সদর,thana5414@instance.com,7,54,5414,thana
5405,5iqRKX6w,মনোহরগঞ্জ উপজেলা পূর্ব,thana5405@instance.com,7,54,5405,thana
5406,K8hJmAYm,মনোহরগঞ্জ উপজেলা সদর,thana5406@instance.com,7,54,5406,thana
5403,3XAd4nzX,লাকসাম উপজেলা পশ্চিম,thana5403@instance.com,7,54,5403,thana
5402,eUPEsjJQ,লাকসাম উপজেলা পূর্ব,thana5402@instance.com,7,54,5402,thana
5401,8ZqvuvRj,লাকসাম শহর,thana5401@instance.com,7,54,5401,thana
5417,gdfwiMje,লালমাই উপজেলা উত্তর,thana5417@instance.com,7,54,5417,thana
5418,6eGa3r7F,লালমাই উপজেলা দক্ষিণ,thana5418@instance.com,7,54,5418,thana
5422,Bv6vvFzZ,শিশু কল্যান,thana5422@instance.com,7,54,5422,thana
5420,E8KK4wzg,সদর দক্ষিণ উপজেলা পশ্চিম,thana5420@instance.com,7,54,5420,thana
5419,hy4PgMAH,সদর দক্ষিণ উপজেলা পূর্ব,thana5419@instance.com,7,54,5419,thana
5608,bEsi9yQq,বাঞ্ছারামপুর উপজেলা,thana5608@instance.com,7,56,5608,thana
5604,DHvMkaHF,সদর উত্তর শাখা,thana5604@instance.com,7,56,5604,thana
5613,VsaDgXxk,আখাউড়া,thana5613@instance.com,7,56,5613,thana
5619,kcxVeAtb,আল মাহমুদ,thana5619@instance.com,7,56,5619,thana
5615,SbbiBjAA,আশুগঞ্জ উপজেলা,thana5615@instance.com,7,56,5615,thana
5611,RBwVBjuD,কসবা পশ্চিম,thana5611@instance.com,7,56,5611,thana
5610,gNYiCyAj,কসবা পূর্ব,thana5610@instance.com,7,56,5610,thana
5618,SZQRfKZT,তিতাস,thana5618@instance.com,7,56,5618,thana
5607,nb5Di4Pc,নবীনগর উপজেলা,thana5607@instance.com,7,56,5607,thana
5616,GfkAtWVB,নাসির নগর,thana5616@instance.com,7,56,5616,thana
5609,QTiehaMZ,নুর নগর,thana5609@instance.com,7,56,5609,thana
5617,AQVT3KXc,পলিটেকনিক,thana5617@instance.com,7,56,5617,thana
5606,MBPESgjV,বিজয়নগর উপজেলা,thana5606@instance.com,7,56,5606,thana
5612,aPQvf2uS,মাদ্রাসা,thana5612@instance.com,7,56,5612,thana
5601,qaWcAuYd,শহর শাখা,thana5601@instance.com,7,56,5601,thana
5620,VX5gbyXG,শিশু কল্যাণ,thana5620@instance.com,7,56,5620,thana
5605,FzGD3B5M,সদর দক্ষিণ,thana5605@instance.com,7,56,5605,thana
5602,yp5iqf7b,সরকারি কলেজ শাখা,thana5602@instance.com,7,56,5602,thana
5614,mZ66icJq,সরাইল,thana5614@instance.com,7,56,5614,thana
5603,bZSaaEDZ,স্কুল শাখা,thana5603@instance.com,7,56,5603,thana
5702,GdHu3iiV,আদর্শ থানা শাখা,thana5702@instance.com,7,57,5702,thana
5706,HanmpGch,গাছতলা,thana5706@instance.com,7,57,5706,thana
5701,QZumztxe,চাঁদপুর সরকারি কলেজ,thana5701@instance.com,7,57,5701,thana
5705,Xfqzz6Bj,পৌরসভা দক্ষিণ,thana5705@instance.com,7,57,5705,thana
5703,4kFmaQN8,পৌরসভা পশ্চিম,thana5703@instance.com,7,57,5703,thana
5704,fQNjjTeF,পৌরসভা পূর্ব,thana5704@instance.com,7,57,5704,thana
5707,kZjSPTkx,শাহতলী আলীয়া,thana5707@instance.com,7,57,5707,thana
5713,vAHGYags,শিশুকল্যাণ,thana5713@instance.com,7,57,5713,thana
5712,G3ue6Nub,সংস্কৃতি বিভাগ,thana5712@instance.com,7,57,5712,thana
5710,RJfnrASw,সদর উত্তর,thana5710@instance.com,7,57,5710,thana
5711,XHFiS6gW,সদর দক্ষিণ,thana5711@instance.com,7,57,5711,thana
5709,NrQurFEP,সদর পূর্ব,thana5709@instance.com,7,57,5709,thana
5716,KRDxAUgS,সম্ভাবনা,thana5716@instance.com,7,57,5716,thana
5714,WqnRCKxY,স্কুল বিভাগ,thana5714@instance.com,7,57,5714,thana
5715,fJCVJ9SK,হাইমচর উত্তর,thana5715@instance.com,7,57,5715,thana
5708,hr8VXh8R,হাইমচর দক্ষিণ,thana5708@instance.com,7,57,5708,thana
5816,jeq4NZdZ,কচুয়া উত্তর থানা শাখা,thana5816@instance.com,8,58,5816,thana
5815,Q8ebs7BN,কচুয়া দক্ষিণ আদর্শ থানা শাখা,thana5815@instance.com,8,58,5815,thana
5814,jAsTDeCP,কচুয়া শহর আদর্শ থানা শাখা,thana5814@instance.com,8,58,5814,thana
5811,3AGby49U,ফরিদগঞ্জ আলীয়া থানা শাখা,thana5811@instance.com,8,58,5811,thana
5813,ArgndNQa,ফরিদগঞ্জ উত্তর থানা শাখা,thana5813@instance.com,8,58,5813,thana
5809,3cYVNmxa,ফরিদগঞ্জ দক্ষিণ আদর্শ থানা শাখা,thana5809@instance.com,8,58,5809,thana
5812,Fvtpaj9W,ফরিদগঞ্জ পশ্চিম থানা শাখা,thana5812@instance.com,8,58,5812,thana
5810,DZV5UmFS,ফরিদগঞ্জ পূর্ব আদর্শ থানা শাখা,thana5810@instance.com,8,58,5810,thana
5808,2atBQjen,ফরিদগঞ্জ শহর আদর্শ থানা শাখা,thana5808@instance.com,8,58,5808,thana
5820,fqariTR2,মতলব উত্তর থানা শাখা,thana5820@instance.com,8,58,5820,thana
5819,VZHAwP2P,মতলব দক্ষিণ থানা শাখা,thana5819@instance.com,8,58,5819,thana
5818,HDErYWqx,মতলব পৌরসভা থানা শাখা,thana5818@instance.com,8,58,5818,thana
5806,DSrPdeci,শাহরাস্তি উত্তর আদর্শ থানা শাখা,thana5806@instance.com,8,58,5806,thana
5807,xU9pSwqg,শাহরাস্তি দক্ষিণ আদর্শ থানা শাখা,thana5807@instance.com,8,58,5807,thana
5805,kYUyFet3,শাহরাস্তি শহর আদর্শ থানা শাখা,thana5805@instance.com,8,58,5805,thana
5821,WtkDUF8r,সাংস্কৃতিক বিভাগ,thana5821@instance.com,8,58,5821,thana
5817,FFccnanX,"সি,পি,আই সাংগঠনিক থানা শাখা",thana5817@instance.com,8,58,5817,thana
5802,KT3z5dT7,হাজীগঞ্জ আলীয়া আদর্শ থানা শাখা,thana5802@instance.com,8,58,5802,thana
5804,mVcMCkv8,হাজীগঞ্জ উত্তর আদর্শ থানা শাখা,thana5804@instance.com,8,58,5804,thana
5803,j3u2UrVc,হাজীগঞ্জ দক্ষিণ আদর্শ থানা শাখা,thana5803@instance.com,8,58,5803,thana
5801,YdQV94ua,হাজীগঞ্জ শহর আদর্শ থানা শাখা,thana5801@instance.com,8,58,5801,thana
5937,gEPBmcEV,অশ্বদিয়া ইউনিয়ন,thana5937@instance.com,8,59,5937,thana
5913,2vZggYFY,ইসলামিয়া,thana5913@instance.com,8,59,5913,thana
5924,TjUm9bcM,উচ্চ মাধ্যমিক,thana5924@instance.com,8,59,5924,thana
5914,X47UWgpy,এওজবালিয়া ইউনিয়ন,thana5914@instance.com,8,59,5914,thana
5927,DW97Vr3s,এখলাশপুর ইউনিয়ন,thana5927@instance.com,8,59,5927,thana
5925,mddKxw24,এনএমএস,thana5925@instance.com,8,59,5925,thana
5933,PTK3ws7x,এনএমসি,thana5933@instance.com,8,59,5933,thana
5912,9damMKSG,কারামাতিয়া,thana5912@instance.com,8,59,5912,thana
5929,a2xJ5bEx,ছয়ানী ইউনিয়ন,thana5929@instance.com,8,59,5929,thana
5938,Mg5nFKmS,দাদপুর ইউনিয়ন,thana5938@instance.com,8,59,5938,thana
5934,BBvxEang,দ্বিমীক,thana5934@instance.com,8,59,5934,thana
5918,ErGqqCDt,নিয়াজপুর ইউনিয়ন,thana5918@instance.com,8,59,5918,thana
5923,QA5FN8zv,নোসক আবাসিক,thana5923@instance.com,8,59,5923,thana
5922,GUxFtWDU,নোয়াখালী সরকারী কলেজ,thana5922@instance.com,8,59,5922,thana
5921,pvmaN7Za,নোয়ান্নই ইউনিয়ন,thana5921@instance.com,8,59,5921,thana
5911,sw8buA5P,পৌরসভা দক্ষিণ,thana5911@instance.com,8,59,5911,thana
5919,Pwu6Xyab,পৌরসভা পশ্চিম,thana5919@instance.com,8,59,5919,thana
5917,YJJ74EeR,পৌরসভা পূর্ব,thana5917@instance.com,8,59,5917,thana
5926,SWYjaP8p,প্রাইভেট কলেজ,thana5926@instance.com,8,59,5926,thana
5920,mQmeZWfd,বিনোদপুর ইউনিয়ন,thana5920@instance.com,8,59,5920,thana
5928,7gywNwPN,রাজগঞ্জ ইউনিয়ন,thana5928@instance.com,8,59,5928,thana
5915,qnVDs6wb,র্ক্ণফুলী,thana5915@instance.com,8,59,5915,thana
5935,nqaAGFhM,শিশু কল্যাণ,thana5935@instance.com,8,59,5935,thana
5936,zEZRDn32,সংস্কৃতি,thana5936@instance.com,8,59,5936,thana
5930,FjyDBkgd,সদর উত্তর,thana5930@instance.com,8,59,5930,thana
5916,jDdCZCTx,স্কুল বিভাগ,thana5916@instance.com,8,59,5916,thana
5932,YHaCkNF6,১৯নং পূর্ব চরমটুয়া,thana5932@instance.com,8,59,5932,thana
5931,AGifkeJP,২০নং আন্ডারচর,thana5931@instance.com,8,59,5931,thana
6012,UuecVSwd,আমিশাপাড়া  শাখা,thana6012@instance.com,8,60,6012,thana
6003,rPrCqCw4,কান্ডারী সাহিত্য সাস্কতিক সংসদ,thana6003@instance.com,8,60,6003,thana
6016,pn2xSHYw,চাটখিল উত্তর,thana6016@instance.com,8,60,6016,thana
6014,FS7tapXY,চাটখিল দক্ষিন,thana6014@instance.com,8,60,6014,thana
6015,ErpBib4n,চাটখিল পশ্চিম,thana6015@instance.com,8,60,6015,thana
6013,5JfAAifD,চাটখিল সদর,thana6013@instance.com,8,60,6013,thana
6002,DaStPhvW,চৌমুহনী কলেজ,thana6002@instance.com,8,60,6002,thana
6001,rVZKBTqe,চৌমুহনী শহর,thana6001@instance.com,8,60,6001,thana
6007,AxZnKD9j,বাংলাবাজার,thana6007@instance.com,8,60,6007,thana
6005,PDUn2peV,বেগমগঞ্জ,thana6005@instance.com,8,60,6005,thana
6006,PFmxMmUy,বেগমগঞ্জ পশ্চিম,thana6006@instance.com,8,60,6006,thana
6008,8Jsykfbp,বেগমগঞ্জ পূর্ব,thana6008@instance.com,8,60,6008,thana
6004,cJqPVcfn,শিশু কল্যান,thana6004@instance.com,8,60,6004,thana
6019,gvtNVigq,সেনবাগ উত্তর,thana6019@instance.com,8,60,6019,thana
6018,Ev8yBCZC,সেনবাগ দক্ষিন,thana6018@instance.com,8,60,6018,thana
6017,rrwrYajg,সেনবাগ সদর,thana6017@instance.com,8,60,6017,thana
6010,Z7uBgtq6,সোনাইমুড়ি উত্তর,thana6010@instance.com,8,60,6010,thana
6011,Vq2DWWBm,সোনাইমুড়ী পূর্ব,thana6011@instance.com,8,60,6011,thana
6009,TfMGjcE7,সোনাইমুড়ী সদর,thana6009@instance.com,8,60,6009,thana
6104,DJhppYus,আল-আমিন শিল্পি গোষ্ঠি,thana6104@instance.com,8,61,6104,thana
6108,GGhmSS2Z,কবিরহাট আদর্শ  থানা শাখা,thana6108@instance.com,8,61,6108,thana
6109,WEZfcQXc,কবিরহাট উত্তর থানা শাখা,thana6109@instance.com,8,61,6109,thana
6110,7fxuahhb,কবিরহাট দক্ষিন থানা শাখা,thana6110@instance.com,8,61,6110,thana
6107,MDGhNKFp,কবিরহাট পূর্ব শাখা,thana6107@instance.com,8,61,6107,thana
6111,aKD9TTSM,কবিরহাট সরকারি কলেজ শাখা,thana6111@instance.com,8,61,6111,thana
6102,PA4uX6dr,কোম্পনিগন্জ পূর্ব শাখা,thana6102@instance.com,8,61,6102,thana
6101,HFSMMX6m,কোম্পানিগন্জ আদর্শ থানা শাখা,thana6101@instance.com,8,61,6101,thana
6105,McEWAsNr,কোম্পানিগন্জ দক্ষিন আদর্শ থানা শাখা,thana6105@instance.com,8,61,6105,thana
6106,PRjAj9ra,কোম্পানিগন্জ পশি্চম,thana6106@instance.com,8,61,6106,thana
6121,J7j2Hv3h,শিশু কল্যান বিভাগ,thana6121@instance.com,8,61,6121,thana
6103,nbU7ybxj,সরকারি মুজিব কলেজ শাখা,thana6103@instance.com,8,61,6103,thana
6113,WJ26HDRU,সুবর্ণচর পশ্চিম শাখা,thana6113@instance.com,8,61,6113,thana
6112,6kHYqAA7,সূবর্ণচর আদর্শ থানা শাখা,thana6112@instance.com,8,61,6112,thana
6115,Wn889Gmn,সূবর্ণচর দক্ষিন শাখা,thana6115@instance.com,8,61,6115,thana
6116,taKaDueS,সূবর্ণচর পূর্ব থানা শাখা,thana6116@instance.com,8,61,6116,thana
6114,rT7PJ6WE,সৈকত সরকারি কলেজ,thana6114@instance.com,8,61,6114,thana
6118,M5FuJByF,হাতিয়া আদর্শ থানা শাখা,thana6118@instance.com,8,61,6118,thana
6117,tNmwJnxE,হাতিয়া উত্তর থানা শাখা,thana6117@instance.com,8,61,6117,thana
6119,3CKDQdH9,হাতিয়া দক্ষিন থানা শাখা,thana6119@instance.com,8,61,6119,thana
6120,msRWM2jb,হাতিয়া মাদ্রাসা শাখা,thana6120@instance.com,8,61,6120,thana
6212,GRAMEKRu,অংকুর শিশু কিশোর সাহিত্য সাংস্কুতিক সংসদ,thana6212@instance.com,8,62,6212,thana
6206,WVe5HxbZ,আল-জামেয়াতুল ফালাহিয়া কমিল মাদ্রাসা,thana6206@instance.com,8,62,6206,thana
6209,APS2gi6k,কম্পিউটার ইনস্টিটিউট,thana6209@instance.com,8,62,6209,thana
6224,fTA8FtZB,কাজিরবাগ ইউনিয়ন,thana6224@instance.com,8,62,6224,thana
6218,E8dxqW2B,কালিদাহ ইউনিয়ন,thana6218@instance.com,8,62,6218,thana
6220,CkfhgUQk,ছনুয়া ইউনিয়ন,thana6220@instance.com,8,62,6220,thana
6213,B8V6ukuF,ধর্মপুর ইউনিয়ন,thana6213@instance.com,8,62,6213,thana
6217,xhJpgFAD,ধলিয়া ইউনিয়ন,thana6217@instance.com,8,62,6217,thana
6208,J4VyPnyn,পলিটেকনিক ইনস্টিটিউট,thana6208@instance.com,8,62,6208,thana
6215,MvwA4NDN,পাচঁগাছিয়া ইউনিয়ন,thana6215@instance.com,8,62,6215,thana
6203,zZKGt6PS,পৌরসভা পশ্চিম,thana6203@instance.com,8,62,6203,thana
6202,3KdnArAy,পৌরসভা উত্তর,thana6202@instance.com,8,62,6202,thana
6204,aXbqXGga,পৌরসভা দক্ষিণ,thana6204@instance.com,8,62,6204,thana
6201,CMtciXwu,পৌরসভা পূর্ব,thana6201@instance.com,8,62,6201,thana
6210,ZeUNwSQt,প্রাইভেট পলিটেকনিক ইনস্টিটিউট,thana6210@instance.com,8,62,6210,thana
6221,4fY8wUNj,ফরহাদনগর ইউনিয়ন,thana6221@instance.com,8,62,6221,thana
6222,i8ANp6Vu,ফাজিলপুর ইউনিয়ন,thana6222@instance.com,8,62,6222,thana
6207,ZR9VrRJJ,ফেনী আলিয়া কামিল মাদ্রাসা,thana6207@instance.com,8,62,6207,thana
6205,bs5KBCTH,ফেনী সরকারী কলেজ,thana6205@instance.com,8,62,6205,thana
6216,C9isVbmM,বালিগাঁও ইউনিয়ন,thana6216@instance.com,8,62,6216,thana
6223,VRG52Heh,মোটবী ইউনিয়ন,thana6223@instance.com,8,62,6223,thana
6219,SjADW6Xe,লেমুয়া ইউনিয়ন,thana6219@instance.com,8,62,6219,thana
6214,3VpZFYfi,শর্শদী ইউনিয়ন,thana6214@instance.com,8,62,6214,thana
6211,YbBCmYUc,শাহীন একাডেমী স্কুল এন্ড কলেজ,thana6211@instance.com,8,62,6211,thana
6226,uCKUwJF2,শিশুকল্যান,thana6226@instance.com,8,62,6226,thana
6225,dwadnVsP,স্বরুপ সাহিত্য সাংস্কৃতিক সংসদ,thana6225@instance.com,8,62,6225,thana
6308,nNxyW2Aa,ছাগলনাইয়া আদর্শ শাখা (CMS),thana6308@instance.com,8,63,6308,thana
6311,B3wjyDWD,ছাগলনাইয়া উপজেলা পশ্চিম (CUW),thana6311@instance.com,8,63,6311,thana
6309,sR4muDEb,ছাগলনা্ইয়া দক্ষিণ আদর্শ শাখা (CDM),thana6309@instance.com,8,63,6309,thana
6310,CMh2kvJv,ছাগলানাইয়া উপজেলা উত্তর (CUN),thana6310@instance.com,8,63,6310,thana
6301,hQzMy6XE,দাগনভুইয়া আদর্শ শাখা (DMS),thana6301@instance.com,8,63,6301,thana
6303,8dmT8SEg,দাগনভুইয়া উপজেলা উত্তর (DUN),thana6303@instance.com,8,63,6303,thana
6302,Aj5GDVeQ,দাগনভুইয়া উপজেলা দক্ষিণ (DUS),thana6302@instance.com,8,63,6302,thana
6314,zUAUQDsB,পরশুরাম আদর্শ শাখা (PMS),thana6314@instance.com,8,63,6314,thana
6315,wc8JGbhk,পরশুরাম উপজেলা দক্ষিণ (PUS),thana6315@instance.com,8,63,6315,thana
6312,dh7diSTe,ফুলগাজী উপজেলা (FU),thana6312@instance.com,8,63,6312,thana
6304,CcxsZ4wT,সিলোনিয়া আদর্শ শাখা (SMS),thana6304@instance.com,8,63,6304,thana
6305,ZDp557wM,সোনাগাজী আদর্শ শাখা (SM),thana6305@instance.com,8,63,6305,thana
6307,Z3TNCJP5,সোনাগাজী উপজেলা উত্তর (SUN),thana6307@instance.com,8,63,6307,thana
6306,NsGjxiWE,সোনাগাজী পশ্চিম আদর্শ শাখা (SWM),thana6306@instance.com,8,63,6306,thana
6427,jkHUh2Gb,টুমচর মাদ্রাসা,thana6427@instance.com,8,64,6427,thana
6425,7RJKaRP2,পলিটেকনিক,thana6425@instance.com,8,64,6425,thana
6403,zpvGYAAM,পৌরসভা দক্ষিণ,thana6403@instance.com,8,64,6403,thana
6402,Na4KTRZd,পৌরসভা উত্তর,thana6402@instance.com,8,64,6402,thana
6404,T6zu3CDE,পৌরসভা পূর্ব,thana6404@instance.com,8,64,6404,thana
6430,JkxkQVb5,শিশুকল্যাণ বিভাগ,thana6430@instance.com,8,64,6430,thana
6405,js7fNT9d,সরকারি কলেজ,thana6405@instance.com,8,64,6405,thana
6429,nYn2Nyrz,সাংস্কৃতিক বিভাগ,thana6429@instance.com,8,64,6429,thana
6428,ZPBpex7w,স্কুল বিভাগ,thana6428@instance.com,8,64,6428,thana
6406,XF93Wi7i,০১নং ইউনিয়ন,thana6406@instance.com,8,64,6406,thana
6407,DYczHcBy,০২নং ইউনিয়ন,thana6407@instance.com,8,64,6407,thana
6408,QqQgYGcf,০৩নং ইউনিয়ন,thana6408@instance.com,8,64,6408,thana
6409,iMqttxnY,০৪নং ইউনিয়ন,thana6409@instance.com,8,64,6409,thana
6410,FswknYbD,০৫নং ইউনিয়ন,thana6410@instance.com,8,64,6410,thana
6411,ykF8dBUt,০৬নং ইউনিয়ন,thana6411@instance.com,8,64,6411,thana
6412,fphkkfdJ,০৭নং ইউনিয়ন,thana6412@instance.com,8,64,6412,thana
6413,2C8aWJY8,০৮নং ইউনিয়ন,thana6413@instance.com,8,64,6413,thana
6414,h2UNerbK,০৯নং ইউনিয়ন,thana6414@instance.com,8,64,6414,thana
6415,vRfJ6jxD,১০নং ইউনিয়ন,thana6415@instance.com,8,64,6415,thana
6416,UkqkwYKg,১১নং ইউনিয়ন,thana6416@instance.com,8,64,6416,thana
6417,PAdnHXcW,১২নং ইউনিয়ন,thana6417@instance.com,8,64,6417,thana
6418,UfCxuXyU,১৩নং ইউনিয়ন,thana6418@instance.com,8,64,6418,thana
6419,eZR76mQ5,১৪নং ইউনিয়ন,thana6419@instance.com,8,64,6419,thana
6420,jZZxztuj,১৫নং ইউনিয়ন,thana6420@instance.com,8,64,6420,thana
6421,9Py2hKR3,১৬নং ইউনিয়ন,thana6421@instance.com,8,64,6421,thana
6422,HA3rQ9FP,১৭নং ইউনিয়ন,thana6422@instance.com,8,64,6422,thana
6423,sub7GQrP,১৮নং ইউনিয়ন,thana6423@instance.com,8,64,6423,thana
6433,7YPbAuaX,১৯নং ইউনিয়ন,thana6433@instance.com,8,64,6433,thana
6424,BYyBcRWJ,২১নং ইউনিয়ন,thana6424@instance.com,8,64,6424,thana
6519,PBan2p3n,কমলনগর পশ্চিম,thana6519@instance.com,9,65,6519,thana
6518,M6GYmjdN,কমলনগর পূর্ব,thana6518@instance.com,9,65,6518,thana
6513,2ABRng43,রামগঞ্জ উত্তর,thana6513@instance.com,9,65,6513,thana
6514,4Sk7b4nT,রামগঞ্জ দক্ষিণ,thana6514@instance.com,9,65,6514,thana
6516,P3Xj5B4x,রামগঞ্জ পশ্চিম,thana6516@instance.com,9,65,6516,thana
6515,3S3E3MUn,রামগঞ্জ পূর্ব,thana6515@instance.com,9,65,6515,thana
6511,rsTcWfsC,রামগঞ্জ শহর,thana6511@instance.com,9,65,6511,thana
6522,hxcTpKkS,রামগতি উত্তর,thana6522@instance.com,9,65,6522,thana
6524,dhFf3CBX,রামগতি দক্ষিণ,thana6524@instance.com,9,65,6524,thana
6521,nytEenEP,রামগতি শহর,thana6521@instance.com,9,65,6521,thana
6505,GBGDJHTk,রায়পুর উত্তর,thana6505@instance.com,9,65,6505,thana
6502,83TuzsAW,রায়পুর কলেজ,thana6502@instance.com,9,65,6502,thana
6507,CXgQPMfT,রায়পুর দক্ষিণ,thana6507@instance.com,9,65,6507,thana
6501,z3gJKGWP,রায়পুর শহর,thana6501@instance.com,9,65,6501,thana
6508,PWBF3gKZ,রায়পুুর পশ্চিম,thana6508@instance.com,9,65,6508,thana
6520,Pdwg8Fnd,হাজিরহাট,thana6520@instance.com,9,65,6520,thana
6509,jfaFzsKr,হায়দরগঞ্জ আদর্শ,thana6509@instance.com,9,65,6509,thana
6510,B6kr4ErA,হায়দরগঞ্জ থানা,thana6510@instance.com,9,65,6510,thana
6626,pMajNY3T,ইংলিশ মিডিয়াম (২৬),thana6626@instance.com,9,66,6626,thana
6610,NcTW9kay,এম সি কলেজ,thana6610@instance.com,9,66,6610,thana
6619,vYtAqwYF,কলেজ বিভাগ,thana6619@instance.com,9,66,6619,thana
6602,4FEDVAYZ,কোতোয়ালী থানা পশ্চিম,thana6602@instance.com,9,66,6602,thana
6601,h5hR27QQ,কোতোয়ালী থানা পূর্ব,thana6601@instance.com,9,66,6601,thana
6609,fbgstCxq,জালালাবাদ থানা,thana6609@instance.com,9,66,6609,thana
6606,DUKUnfK6,দক্ষিণ সুরমা থানা পশ্চিম,thana6606@instance.com,9,66,6606,thana
6605,ThnQnd5j,দক্ষিণ সুরমা পূর্ব,thana6605@instance.com,9,66,6605,thana
6623,RAbq6eZU,দক্ষিণ সুরমা সরকারি কলেজ,thana6623@instance.com,9,66,6623,thana
6625,tiAAcQmq,দিশারী শিল্পী গোষ্ঠী,thana6625@instance.com,9,66,6625,thana
6617,H9s85YGd,প্রাইভেট বিশ্ববিদ্যালয়,thana6617@instance.com,9,66,6617,thana
6618,dQGx8bSW,প্রাইভেট মেডিকেল,thana6618@instance.com,9,66,6618,thana
6607,SKd8DqaD,বিমানবন্দর থানা,thana6607@instance.com,9,66,6607,thana
6608,KXNMbZEw,বুরহান উদ্দিন রহ. থানা,thana6608@instance.com,9,66,6608,thana
6612,K8fXFWBN,মদন মোহন কলেজ,thana6612@instance.com,9,66,6612,thana
6621,7C6WWiwm,মিরাবাজার স্কুল অ্যান্ড কলেজ,thana6621@instance.com,9,66,6621,thana
6615,F8bKehWj,শাহজালাল জামেয়া ইসলামিয়া কামিল মাদরাসা,thana6615@instance.com,9,66,6615,thana
6604,Arhs6Fnt,শাহপরান থানা পশ্চিম,thana6604@instance.com,9,66,6604,thana
6603,3xYUwXkC,শাহপরান থানা পূর্ব,thana6603@instance.com,9,66,6603,thana
6624,Hzmk3PV4,শিশুকল্যাণ,thana6624@instance.com,9,66,6624,thana
6611,zWQpKY7D,সিলেট ওসমানী মেডিকেল কলেজ,thana6611@instance.com,9,66,6611,thana
6616,EM5NhtaX,সিলেট কৃষি বিশ্ববিদ্যালয়,thana6616@instance.com,9,66,6616,thana
6622,JMdpmjib,সিলেট পলিটেকনিক ইন্সিটিটিউট,thana6622@instance.com,9,66,6622,thana
6614,riTi8HKJ,সিলেট সরকারি আলিয়া মাদরাসা,thana6614@instance.com,9,66,6614,thana
6613,P6aP73Em,সিলেট সরকারি কলেজ,thana6613@instance.com,9,66,6613,thana
6620,CY2vhpZC,স্কুল বিভাগ,thana6620@instance.com,9,66,6620,thana
6709,NBTFGAmB,অঙ্গীকার সাংস্কৃতিক সংসদ,thana6709@instance.com,9,67,6709,thana
6704,4hPGYCD5,খান জাহান আলী থানা,thana6704@instance.com,9,67,6704,thana
6706,zXZKZi4M,জালালাবাদ থানা পশ্চিম,thana6706@instance.com,9,67,6706,thana
6705,v5sDcgUq,জালালাবাদ থানা পূর্ব,thana6705@instance.com,9,67,6705,thana
6708,sRUsHXiM,মাদ্রাসা বিভাগ,thana6708@instance.com,9,67,6708,thana
6703,ihBwShUA,শহীদ আব্দুল মুনিম বেলাল থানা,thana6703@instance.com,9,67,6703,thana
6701,quj76H5J,শহীদ মীর কাশেম আলী থানা,thana6701@instance.com,9,67,6701,thana
6702,D7tj9Wah,শাহ মাখদুম থানা,thana6702@instance.com,9,67,6702,thana
6710,UrBKB8St,সি-১,thana6710@instance.com,9,67,6710,thana
6711,nms3WNsu,সি-২,thana6711@instance.com,9,67,6711,thana
6712,mEnuFtB2,সুরমা থানা,thana6712@instance.com,9,67,6712,thana
6707,tSETZb8w,স্কুল ও কলেজ বিভাগ,thana6707@instance.com,9,67,6707,thana
6802,mtbjqBjh,কানাইঘাট উপজেলা পশ্চিম,thana6802@instance.com,9,68,6802,thana
6804,pcKFY6Wd,কানাইঘাট উপজেলা পূর্ব,thana6804@instance.com,9,68,6804,thana
6803,sJpXXAjx,কানাইঘাট উপজেলা সদর,thana6803@instance.com,9,68,6803,thana
6801,nH3bBW5p,গাছবাড়ী,thana6801@instance.com,9,68,6801,thana
6809,9mXnJVUq,গোলাপগঞ্জ পশ্চিম,thana6809@instance.com,9,68,6809,thana
6810,BM4WEWCc,গোলাপগঞ্জ পূর্ব,thana6810@instance.com,9,68,6810,thana
6812,mmyHwgn8,গোয়াইনঘাট উপজেলা,thana6812@instance.com,9,68,6812,thana
6813,N6ntqC7B,জকিগঞ্জ উপজেলা,thana6813@instance.com,9,68,6813,thana
6811,nqMGGYXA,জৈন্তাপুর উপজেলা,thana6811@instance.com,9,68,6811,thana
6806,sHQV2Wzk,বিয়ানিবাজার উত্তর,thana6806@instance.com,9,68,6806,thana
6805,hXcZdYfe,বিয়ানিবাজার দক্ষিন,thana6805@instance.com,9,68,6805,thana
6808,Qi57MRVX,বিয়ানিবাজার পশ্চিম,thana6808@instance.com,9,68,6808,thana
6807,Bjjb75HB,বিয়ানিবাজার সরকারী কলেজ,thana6807@instance.com,9,68,6807,thana
6814,Uutsygfa,সুরমা সাংস্কৃতিক সংসদ,thana6814@instance.com,9,68,6814,thana
6907,nqKJKWFP,ওসমানীনগর উপজেলা আদর্শ শাখা,thana6907@instance.com,9,69,6907,thana
6916,NbKQsnCM,কোম্পানিগঞ্জ উপজেলা আদর্শ শাখা,thana6916@instance.com,9,69,6916,thana
6909,zaJZZNpU,তাজপুর ডিগ্রি কলেজ,thana6909@instance.com,9,69,6909,thana
6908,b7biGWSH,দক্ষিন সুরমা থানা আদর্শ শাখা,thana6908@instance.com,9,69,6908,thana
6918,ywV9f9Ph,নিসর্গ শিল্পীগোষ্ঠী,thana6918@instance.com,9,69,6918,thana
6917,cSYZPG6p,ফতেহপুর কামিল মাদ্রাসা,thana6917@instance.com,9,69,6917,thana
6901,fm3AcPyf,ফেঞ্চুগঞ্জ উপজেলা আদর্শ শাখা,thana6901@instance.com,9,69,6901,thana
6902,PQpTryKx,ফেঞ্চুগঞ্জ সরকারি কলেজ,thana6902@instance.com,9,69,6902,thana
6906,qQeK9U58,বালাগঞ্জ উপজেলা উত্তর আদর্শ শাখা,thana6906@instance.com,9,69,6906,thana
6905,WZgmjmhJ,বালাগঞ্জ উপজেলা দক্ষিন,thana6905@instance.com,9,69,6905,thana
6912,maQPcMty,বিশ্বনাথ উপজেলা উত্তর,thana6912@instance.com,9,69,6912,thana
6911,ixcJUmu2,বিশ্বনাথ উপজেলা পশ্চিম,thana6911@instance.com,9,69,6911,thana
6910,9SRN4UBj,বিশ্বনাথ পৌরসভা আদর্শ শাখা,thana6910@instance.com,9,69,6910,thana
6904,6eCJTydG,মোগলাবাজার থানা পশ্চিম আদর্শ শাখা,thana6904@instance.com,9,69,6904,thana
6903,UU7XDEDZ,মোগলাবাজার থানা পুর্ব,thana6903@instance.com,9,69,6903,thana
6914,HP7iksKv,সদর উপজেলা উত্তর,thana6914@instance.com,9,69,6914,thana
6913,AGe6uxnv,সদর উপজেলা দক্ষিন আদর্শ শাখা,thana6913@instance.com,9,69,6913,thana
6915,dAfcBrP9,সদর উপজেলা পূর্ব আদর্শ শাখা,thana6915@instance.com,9,69,6915,thana
7002,GwXZUJqQ,ছাতক উপজেলা আদর্শ শাখা,thana7002@instance.com,9,70,7002,thana
7015,BNQZQpHC,ছাতক পৌরসভা থানা শাখা,thana7015@instance.com,9,70,7015,thana
7003,jThFzftv,জগন্নাথপুর উপজেলা আদর্শ  শাখা,thana7003@instance.com,9,70,7003,thana
7010,Wt9RaPgf,জামালগঞ্জ উপজেলা,thana7010@instance.com,9,70,7010,thana
7008,GqHysWqD,তাহিরপুর উপজেলা  শাখা,thana7008@instance.com,9,70,7008,thana
7004,PMgBAPff,দক্ষিন ছাতক উপজেলা আদর্শ শাখা,thana7004@instance.com,9,70,7004,thana
7012,n8hUdFQz,দিরাই উপজেলা,thana7012@instance.com,9,70,7012,thana
7005,T5CAKsJi,দোয়ারা বাজার উপজেলা আদর্শ শাখা,thana7005@instance.com,9,70,7005,thana
7013,pXQUGYzr,ধর্মপাশা উপজেলা,thana7013@instance.com,9,70,7013,thana
7006,7VrxBzjb,বিশ্বম্ভরপুর উপজেলা,thana7006@instance.com,9,70,7006,thana
7016,QsfMkKQj,মধ্যনগর উপজেলা,thana7016@instance.com,9,70,7016,thana
7017,HHu5iKfG,"রংধনু শিল্পীগোষ্টী, সুনামগঞ্জ",thana7017@instance.com,9,70,7017,thana
7011,WDThHeqm,শান্তিগঞ্জ ‍উপজেলা,thana7011@instance.com,9,70,7011,thana
7014,YMTCHfkC,শাল্লা উপজেলা,thana7014@instance.com,9,70,7014,thana
7018,np7S8kgN,শিশুকল্যান,thana7018@instance.com,9,70,7018,thana
7007,CWHJbtTk,সুনামগঞ্জ  সদর উপজেলা  শাখা,thana7007@instance.com,9,70,7007,thana
7001,TxHKWEJ3,সুনামগঞ্জ পৌরসভা,thana7001@instance.com,9,70,7001,thana
7009,jNHbMa8n,সুনামগঞ্জ সরকারী কলেজ,thana7009@instance.com,9,70,7009,thana
7021,DmhejeKQ,সুনামগঞ্জ স্কুল বিভাগ,thana7021@instance.com,9,70,7021,thana
7103,jCRVQnuR,মৌলভীবাজার টাউন কামিল মাদরাসা,thana7103@instance.com,9,71,7103,thana
7109,hnimHgnq,মৌলভীবাজার পলিটেকনিক,thana7109@instance.com,9,71,7109,thana
7102,QTpHyCMi,মৌলভীবাজার পৌরসভা,thana7102@instance.com,9,71,7102,thana
7104,ibQv6vwU,মৌলভীবাজার সদর উত্তর,thana7104@instance.com,9,71,7104,thana
7105,ykQhVrPi,মৌলভীবাজার সদর দক্ষিণ,thana7105@instance.com,9,71,7105,thana
7101,YuX5XQNv,মৌলভীবাজার সরকারি কলেজ,thana7101@instance.com,9,71,7101,thana
7110,sKd2TVrQ,মৌলভীবাজার স্কুল বিভাগ,thana7110@instance.com,9,71,7110,thana
7113,gA9fiThs,মৌসাফ,thana7113@instance.com,9,71,7113,thana
7112,SZAH3AqE,মৌসাস,thana7112@instance.com,9,71,7112,thana
7106,ZirJDg8M,রাজনগর উপজেলা,thana7106@instance.com,9,71,7106,thana
7107,fVJjD7BU,রাজনগর উপজেলা উত্তর,thana7107@instance.com,9,71,7107,thana
7108,4RchARCg,রাজনগর উপজেলা দক্ষিণ,thana7108@instance.com,9,71,7108,thana
7114,7PbeJea5,শিক্ষা বিভাগ,thana7114@instance.com,9,71,7114,thana
7111,36t9Mary,শিশু কল্যান,thana7111@instance.com,9,71,7111,thana
7203,8TweemGs,কমলগঞ্জ উত্তর,thana7203@instance.com,10,72,7203,thana
7202,SVdk6bqw,কমলগঞ্জ দক্ষিণ,thana7202@instance.com,10,72,7202,thana
7204,hvahWGjz,কুলাউড়া উপজেলা,thana7204@instance.com,10,72,7204,thana
7206,h5JEAXYy,কুলাউড়া দক্ষিণ,thana7206@instance.com,10,72,7206,thana
7205,hUYc7dpt,কুলাউড়া পশ্চিম,thana7205@instance.com,10,72,7205,thana
7215,AfgrqPTW,জলপ্রপাত শিল্পী গুষ্ঠী,thana7215@instance.com,10,72,7215,thana
7207,TV7yRDr3,জুড়ী উপজেলা,thana7207@instance.com,10,72,7207,thana
7209,hfwSSaKK,জুড়ী দক্ষিণ,thana7209@instance.com,10,72,7209,thana
7208,Uq4VKg3C,জুড়ী পূর্ব,thana7208@instance.com,10,72,7208,thana
7211,ApxhbeBy,বড়লেখা উত্তর,thana7211@instance.com,10,72,7211,thana
7212,cqzTsmPt,বড়লেখা দক্ষিণ,thana7212@instance.com,10,72,7212,thana
7213,FhhBgDnX,বড়লেখা পশ্চিম,thana7213@instance.com,10,72,7213,thana
7210,v9kDndtf,বড়লেখা শহর,thana7210@instance.com,10,72,7210,thana
7201,TtZHfU8U,শ্রীমঙ্গল উপজেলা,thana7201@instance.com,10,72,7201,thana
7214,w7GtFQfN,সুজাউল মাদ্রাসা,thana7214@instance.com,10,72,7214,thana
7305,8sZRwXPb,আজমীরিগঞ্জ উপজেলা,thana7305@instance.com,10,73,7305,thana
7310,MK7nzVpU,চুনারুঘাট উপজেলা,thana7310@instance.com,10,73,7310,thana
7306,SESeQADP,নবিগঞ্জ পুর্ব,thana7306@instance.com,10,73,7306,thana
7307,d2uHNNCA,নবীগঞ্জ উপজেলা পশ্চীম,thana7307@instance.com,10,73,7307,thana
7315,5bGgtcYH,পলিটেকনিক ইনিস্টিটিঊট,thana7315@instance.com,10,73,7315,thana
7304,Z9w4Q9AT,বানিয়াচং উপজেলা,thana7304@instance.com,10,73,7304,thana
7308,vUeRuecQ,বাহুবল ঊপজেলা,thana7308@instance.com,10,73,7308,thana
7301,bq3RpEzA,বৃন্দাবন সরকারি কলেজ,thana7301@instance.com,10,73,7301,thana
7311,SKgbbS3N,মাধবপুর উপজেলা,thana7311@instance.com,10,73,7311,thana
7312,ZukDUPSA,লাখাই উপজেলা,thana7312@instance.com,10,73,7312,thana
7314,yu3xYA3N,শায়েস্তাগঞ্জ কামিল মাত্রাসা,thana7314@instance.com,10,73,7314,thana
7313,BVWcGrkb,শায়েস্তাগন্জ  উপজেলা,thana7313@instance.com,10,73,7313,thana
7316,qi7XJxtY,স্কুল বিভাগ,thana7316@instance.com,10,73,7316,thana
7302,7gCThYVE,হবিগঞ্জ পৌরসভা,thana7302@instance.com,10,73,7302,thana
7303,4NutQQ7u,হবিগঞ্জ সদর ঊ্পজেলা,thana7303@instance.com,10,73,7303,thana
7407,NhzfVNRZ,ইন্সটিটিউট অব হেল্পথ টেকনোলোজি,thana7407@instance.com,10,74,7407,thana
7404,5vRPXZMF,ইসলামী ব্যাংক মেডিকেল কলেজ,thana7404@instance.com,10,74,7404,thana
7421,fWe7AAAK,কর্ণহার,thana7421@instance.com,10,74,7421,thana
7412,U7iX4iH4,কাশিয়াডাঙ্গা,thana7412@instance.com,10,74,7412,thana
7420,Y56S4RdC,দামকুড়া,thana7420@instance.com,10,74,7420,thana
7405,prxCMNF5,নিউ গভঃ ডিগ্রী কলেজ,thana7405@instance.com,10,74,7405,thana
7419,WHRVNRjB,পবা,thana7419@instance.com,10,74,7419,thana
7411,mxfJbrc9,প্রত্যয় শিল্পীগোষ্ঠী,thana7411@instance.com,10,74,7411,thana
7423,i2cFnnzE,প্রাইভেট বিশ্ববিদ্যালয় জোন,thana7423@instance.com,10,74,7423,thana
7414,mtqwrUWG,বোয়লিয়া পশ্চিম,thana7414@instance.com,10,74,7414,thana
7413,5bEiyXYK,বোয়ালিয়া উত্তর,thana7413@instance.com,10,74,7413,thana
7415,VSbywVuC,বোয়ালিয়া পুর্ব,thana7415@instance.com,10,74,7415,thana
7416,3ZT34KgB,বোয়ালিয়া সাংগঠনিক,thana7416@instance.com,10,74,7416,thana
7410,gMA7DZDk,মদিনাতুল উলুম কামিল মাদ্রাসা,thana7410@instance.com,10,74,7410,thana
7418,ivSNrvp9,রাজপাড়া,thana7418@instance.com,10,74,7418,thana
7402,DH3Un8ba,রাজশাহী কলেজ,thana7402@instance.com,10,74,7402,thana
7408,CnNk8P2m,রাজশাহী পলিটেকনিক ইন্সটিটিউট,thana7408@instance.com,10,74,7408,thana
7401,Wju8FBFT,রাজশাহী মেডিকেল কলেজ,thana7401@instance.com,10,74,7401,thana
7406,CA4Qayvb,রাজশাহী সিটি কলেজ,thana7406@instance.com,10,74,7406,thana
7417,hbgTwZkG,শাহমখদুম,thana7417@instance.com,10,74,7417,thana
7403,TvVEfWvu,শিশুকল্যাণ,thana7403@instance.com,10,74,7403,thana
7422,vD42Shzh,সাংবাদিক ফোরাম,thana7422@instance.com,10,74,7422,thana
7409,mtmfhcXS,স্কুল বিভাগ,thana7409@instance.com,10,74,7409,thana
7516,vC2P7yEj,আইন ও ভূমি অনুষদ,thana7516@instance.com,10,75,7516,thana
7533,aijWHTTj,আদর্শ বিভাগ,thana7533@instance.com,10,75,7533,thana
7513,rPMhaQXG,কলা অনুষদ,thana7513@instance.com,10,75,7513,thana
7526,FNeh24Y5,কাটাখালী পৌরসভা,thana7526@instance.com,10,75,7526,thana
7520,EsbqViih,কৃষি ও চারুকলা,thana7520@instance.com,10,75,7520,thana
7518,M86fEeeh,জীব ও ভূ-বিজ্ঞান অনুষদ,thana7518@instance.com,10,75,7518,thana
7506,dGndUZ2F,নবাব আব্দুল লতিফ হল,thana7506@instance.com,10,75,7506,thana
7528,JhwnCRR3,পারিলা ইউনিয়ন,thana7528@instance.com,10,75,7528,thana
7519,9TGq5eaD,প্রকৌশল অনুষদ,thana7519@instance.com,10,75,7519,thana
7529,hewAenbX,বিকল্প সাহিত্য সাংস্কৃতিক সংসদ,thana7529@instance.com,10,75,7529,thana
7517,mkBTeTx8,বিজ্ঞান অনুষদ,thana7517@instance.com,10,75,7517,thana
7509,BXYDKqHF,বিজয়-২৪ হল,thana7509@instance.com,10,75,7509,thana
7510,35Rmybr3,মতিহার হল,thana7510@instance.com,10,75,7510,thana
7503,KDfFbeBr,মাদারবখশ হল,thana7503@instance.com,10,75,7503,thana
7512,3hUcRfcd,মেসজোন,thana7512@instance.com,10,75,7512,thana
7515,wkgJUYfY,রবীন্দ্র বিজনেস অনুষদ,thana7515@instance.com,10,75,7515,thana
7502,e852JhF6,শহীদ জিয়াউর রহমান হল,thana7502@instance.com,10,75,7502,thana
7505,i36dqKwg,শহীদ শামসুজ্জোহা হল,thana7505@instance.com,10,75,7505,thana
7504,hgufAKGg,শহীদ সোহরাওয়ার্দী হল,thana7504@instance.com,10,75,7504,thana
7501,KNHjNE4a,শহীদ হবিবুর রহমান হল,thana7501@instance.com,10,75,7501,thana
7508,UHmM5JGr,শাহ মখদুম হল,thana7508@instance.com,10,75,7508,thana
7532,awnwZ6Vd,শিশুকল্যাণ,thana7532@instance.com,10,75,7532,thana
7511,dMaiUTbA,শের ই বাংলা হল,thana7511@instance.com,10,75,7511,thana
7531,KiSEG5ip,সন্দীপন সাহিত্য পরিষদ,thana7531@instance.com,10,75,7531,thana
7514,vEBjQYSB,সামাজিক বিজ্ঞান অনুষদ,thana7514@instance.com,10,75,7514,thana
7534,3XAhddG7,সিডিসি-১,thana7534@instance.com,10,75,7534,thana
7535,zQEVkCUE,সিডিসি-২,thana7535@instance.com,10,75,7535,thana
7507,KkibkqAg,সৈয়দ আমীর আলী হল,thana7507@instance.com,10,75,7507,thana
7530,g7skEiQy,স্কুল বিভাগ,thana7530@instance.com,10,75,7530,thana
7527,zAey2ECZ,হরিয়ান ইউনিয়ন,thana7527@instance.com,10,75,7527,thana
7521,3FEZxaNx,২৬ নং ওয়ার্ড,thana7521@instance.com,10,75,7521,thana
7522,gfZApaCs,২৮ নং ওয়ার্ড,thana7522@instance.com,10,75,7522,thana
7523,qb4vFZy7,২৯ নং ওয়ার্ড,thana7523@instance.com,10,75,7523,thana
7524,SZsDHdaH,৩০ নং ওয়ার্ড উত্তর,thana7524@instance.com,10,75,7524,thana
7525,HY8mScgM,৩০ নং ওয়ার্ড দক্ষিণ,thana7525@instance.com,10,75,7525,thana
7604,NNBsFDfh,আলীপুর সাংগঠনিক থানা শাখা,thana7604@instance.com,10,76,7604,thana
7611,JVrGKRQb,চারঘাট আদর্শ থানা শাখা,thana7611@instance.com,10,76,7611,thana
7603,Nc45bGYY,তাহেরপুর আদর্শ থানা শাখা,thana7603@instance.com,10,76,7603,thana
7605,Pt58Kb5n,দূর্গাপুর আদর্শ থানা শাখা,thana7605@instance.com,10,76,7605,thana
7610,3DfpmjCG,নন্দনগাছী আদর্শ থানা শাখা,thana7610@instance.com,10,76,7610,thana
7606,EaSayuVY,পুঠিয়া আদর্শ থানা শাখা,thana7606@instance.com,10,76,7606,thana
7601,FcTfWrNd,বাগমারা পশ্চিম সাংগঠনিক থানা শাখা,thana7601@instance.com,10,76,7601,thana
7602,PDR4QQe5,বাগমারা পূর্ব আদর্শ  থানা শাখা,thana7602@instance.com,10,76,7602,thana
7612,Rn2TSq72,বাঘা উত্তর সাংগঠনিক থানা শাখা,thana7612@instance.com,10,76,7612,thana
7613,Smc6PrPN,বাঘা দক্ষিণ আদর্শ থানা শাখা,thana7613@instance.com,10,76,7613,thana
7607,3ESwEMWw,বানেশ্বর আদর্শ থানা শাখা,thana7607@instance.com,10,76,7607,thana
7608,MWMT2BRM,বেলপুকুর আদর্শ থানা শাখা,thana7608@instance.com,10,76,7608,thana
7609,AeWt7gam,হলিদাগাছী সাংগঠনিক থানা শাখা,thana7609@instance.com,10,76,7609,thana
7704,8dacgjNh,কাকনহাট সাংগঠনিক থানা,thana7704@instance.com,10,77,7704,thana
7702,Xrcdf3MN,গোদাগাড়ী পশ্চিম থানা,thana7702@instance.com,10,77,7702,thana
7703,FJdEYCwj,গোদাগাড়ী পূর্ব থানা,thana7703@instance.com,10,77,7703,thana
7701,SpgPVWad,গোদাগাড়ী সদর থানা,thana7701@instance.com,10,77,7701,thana
7707,XAJ7FgQ6,তানোর দক্ষিণ থানা,thana7707@instance.com,10,77,7707,thana
7705,94jckX2m,তানোর পশ্চিম থানা,thana7705@instance.com,10,77,7705,thana
7706,EqUC5aXe,তানোর পূর্ব  থানা,thana7706@instance.com,10,77,7706,thana
7710,jWaS9AN6,মোহনপুর উত্তর থানা,thana7710@instance.com,10,77,7710,thana
7709,XBBVw3Ye,মোহনপুর পশ্চিম থানা,thana7709@instance.com,10,77,7709,thana
7708,egw4Urxp,মোহনপুর পূর্ব থানা,thana7708@instance.com,10,77,7708,thana
7807,W9shij5C,গুরুদাসপুর,thana7807@instance.com,10,78,7807,thana
7811,4BsZssyc,নবাব সিরাজউদ্দৌলা কলেজ নাটোর,thana7811@instance.com,10,78,7811,thana
7812,MAEGUQzB,নলডাঙ্গা,thana7812@instance.com,10,78,7812,thana
7810,GNiY8Tjg,নাটোর শহর,thana7810@instance.com,10,78,7810,thana
7809,AckK3TRP,নাটোর সদর উত্তর,thana7809@instance.com,10,78,7809,thana
7808,skSavbUC,নাটোর সদর দক্ষিণ,thana7808@instance.com,10,78,7808,thana
7805,5efMEQKQ,বনপাড়া,thana7805@instance.com,10,78,7805,thana
7803,isQNAaiW,বাগাতিপাড়া,thana7803@instance.com,10,78,7803,thana
7806,eHH8HMaW,বড়াইগ্রাম,thana7806@instance.com,10,78,7806,thana
7804,CdDT7yva,বড়াইগ্রাম দক্ষিণ,thana7804@instance.com,10,78,7804,thana
7801,9jDid5Uc,লালপুর পশ্চিম,thana7801@instance.com,10,78,7801,thana
7802,bP7qXb6p,লালপুর পূর্ব,thana7802@instance.com,10,78,7802,thana
7814,EbM8vUH8,শিশু কল্যাণ,thana7814@instance.com,10,78,7814,thana
7813,6vGPjw7h,সিংড়া,thana7813@instance.com,10,78,7813,thana
7921,P5NvuRsr,অভিযাত্রী শিল্পীগোষ্ঠী,thana7921@instance.com,11,79,7921,thana
7926,zTnu8JAt,আমনুরা,thana7926@instance.com,11,79,7926,thana
7925,QHgW7JFd,কামিল মাদ্রাসা,thana7925@instance.com,11,79,7925,thana
7910,JRVgbWeD,নবাবগঞ্জ কলেজ,thana7910@instance.com,11,79,7910,thana
7920,wakTnqNh,পলিটেকনিক,thana7920@instance.com,11,79,7920,thana
7913,YPXZDZu7,পৌর দক্ষিণ,thana7913@instance.com,11,79,7913,thana
7911,5NgzfeSX,পৌর পশ্চিম,thana7911@instance.com,11,79,7911,thana
7912,5TdPwKJm,পৌর পূর্ব,thana7912@instance.com,11,79,7912,thana
7919,96AdJ7rv,মহারাজপুর,thana7919@instance.com,11,79,7919,thana
7922,dMGVHTCA,রানিহাটি,thana7922@instance.com,11,79,7922,thana
7916,ZxP8Ju6W,শিশুকল্যাণ,thana7916@instance.com,11,79,7916,thana
7917,gHZXRPAr,সদর উত্তর,thana7917@instance.com,11,79,7917,thana
7923,Jj3hPXbS,সদর দক্ষিণ,thana7923@instance.com,11,79,7923,thana
7914,zseMm4CJ,সদর পশ্চিম,thana7914@instance.com,11,79,7914,thana
7915,VmZXfyeS,সদর পূর্ব,thana7915@instance.com,11,79,7915,thana
7918,AW7diJKH,স্কুল বিভাগ,thana7918@instance.com,11,79,7918,thana
7924,7KZyW4h5,হেফজুল মাদ্রাসা,thana7924@instance.com,11,79,7924,thana
8001,yX3WDerD,আদিনা কলেজ,thana8001@instance.com,11,80,8001,thana
8010,GhQDxRmd,ঘোড়াপাখিয়া,thana8010@instance.com,11,80,8010,thana
8007,JRjt3XnB,চককীর্তি,thana8007@instance.com,11,80,8007,thana
8008,2ahKYdUC,ধাইনগর,thana8008@instance.com,11,80,8008,thana
8009,JaePhJKQ,বিনোদপুর,thana8009@instance.com,11,80,8009,thana
8004,euwW8ey5,শিবগঞ্জ উত্তর,thana8004@instance.com,11,80,8004,thana
8006,QyqGFFCY,শিবগঞ্জ দক্ষিণ,thana8006@instance.com,11,80,8006,thana
8005,HPaHX983,শিবগঞ্জ পশ্চিম,thana8005@instance.com,11,80,8005,thana
8002,HFm8veEg,শিবগঞ্জ পৌরসভা,thana8002@instance.com,11,80,8002,thana
8013,pMaZXKwU,শিল্পী গোষ্ঠী,thana8013@instance.com,11,80,8013,thana
8012,XYYrYEzh,শিশু কল্যাণ,thana8012@instance.com,11,80,8012,thana
8003,R9ZSFp6b,সোনামসজিদ,thana8003@instance.com,11,80,8003,thana
8011,hSSAEZ9U,স্কুল বিভাগ,thana8011@instance.com,11,80,8011,thana
8111,9JkfJTTD,আত্রাই উপজেলা শাখা,thana8111@instance.com,11,81,8111,thana
8122,bbhSwmFw,আল হেলাল ইসলামি একাডেমি,thana8122@instance.com,11,81,8122,thana
8116,qfc3W9Tb,টাওয়ার,thana8116@instance.com,11,81,8116,thana
8114,5PC4Yczf,দিশা সাহিত্য সাংস্কৃতি সংসদ,thana8114@instance.com,11,81,8114,thana
8125,gmmEF2dD,ধামইরহাট উপজেলা,thana8125@instance.com,11,81,8125,thana
8105,Grgc4Z7S,নওগাঁ পলিটেকনিক ইনস্টিটিউট,thana8105@instance.com,11,81,8105,thana
8103,crT7GRkS,নওগাঁ পৌরসভা,thana8103@instance.com,11,81,8103,thana
8126,DuxxM9qi,নওগাঁ মেডিকেল কলেজ,thana8126@instance.com,11,81,8126,thana
8104,3QTnQQZB,নওগাঁ সদর,thana8104@instance.com,11,81,8104,thana
8102,PUvDqd6C,নওগাঁ সরকারি কলেজ,thana8102@instance.com,11,81,8102,thana
8101,Md4ZKnwq,"নামাজগড় গাউসুল আজম কামিল মাদরাসা,নওগাঁ।",thana8101@instance.com,11,81,8101,thana
8117,63aJVW9U,নিয়ামাতপুর  উত্তর,thana8117@instance.com,11,81,8117,thana
8118,PY3aazHk,নিয়ামাতপুর দক্ষিণ,thana8118@instance.com,11,81,8118,thana
8124,EBADaq39,পত্নীতলা উপজেলা,thana8124@instance.com,11,81,8124,thana
8119,b4nyygTc,পোরশা উপজেলা,thana8119@instance.com,11,81,8119,thana
8110,Y4mUWHAN,বদলগাছি উপজেলা শাখা,thana8110@instance.com,11,81,8110,thana
8109,axBHadxx,মহাদেবপুর উপজেলা শাখা,thana8109@instance.com,11,81,8109,thana
8107,RCRP3YfX,মান্দা উপজেলা পশ্চিম,thana8107@instance.com,11,81,8107,thana
8108,t89PjT8V,মান্দা উপজেলা পূর্ব,thana8108@instance.com,11,81,8108,thana
8112,YDkp3dji,রাণীনগর উপজেলা শাখা,thana8112@instance.com,11,81,8112,thana
8123,cJTp6yup,শহীদ আব্দুল জব্বার,thana8123@instance.com,11,81,8123,thana
8113,a68BA5gi,শিশু কল্যাণ,thana8113@instance.com,11,81,8113,thana
8115,gBhaBXdf,সাংবাদিক ফোরাম,thana8115@instance.com,11,81,8115,thana
8120,pBHz3TCb,সাপাহার উপজেলা,thana8120@instance.com,11,81,8120,thana
8121,QpBDFZcE,সাপাহার কলেজ শাখা,thana8121@instance.com,11,81,8121,thana
8106,22gTZUXY,স্কুল বিভাগ,thana8106@instance.com,11,81,8106,thana
8322,6pA6twFX,অনির্বাণ,thana8322@instance.com,11,83,8322,thana
8317,SZFrTHDS,আলিয়া মাদরাসা,thana8317@instance.com,11,83,8317,thana
8311,dDDuHaZZ,উপশহর,thana8311@instance.com,11,83,8311,thana
8321,YwegBqdc,কলেজ বিভাগ,thana8321@instance.com,11,83,8321,thana
8324,jZbmc9QN,দাপুনিয়া,thana8324@instance.com,11,83,8324,thana
8313,FfnbmixS,দারুল আমান ট্রাস্ট,thana8313@instance.com,11,83,8313,thana
8304,2WeknFFW,দোগাচি-পশ্চিম,thana8304@instance.com,11,83,8304,thana
8302,F9XExdBZ,দোগাছি - ভাড়ারা অঞ্চল,thana8302@instance.com,11,83,8302,thana
8314,sVEbz4pj,পাবনা টেক্সটাইল ইঞ্জিনিয়ারিং কলেজ,thana8314@instance.com,11,83,8314,thana
8316,rrG7MYhc,পাবনা পলিটেকনিক ইনস্টিটিউট,thana8316@instance.com,11,83,8316,thana
8318,b8xx9erQ,পাবনা মেডিকেল কলেজ,thana8318@instance.com,11,83,8318,thana
8312,gsgeD5Gv,পাবিপ্রবি,thana8312@instance.com,11,83,8312,thana
8309,P96wxSVQ,পৌর দক্ষিণ,thana8309@instance.com,11,83,8309,thana
8308,HtYFmmN3,পৌর পশ্চিম,thana8308@instance.com,11,83,8308,thana
8310,u2qfR5pe,মালঞ্চি,thana8310@instance.com,11,83,8310,thana
8307,BbaaDrtU,মালিগাছা,thana8307@instance.com,11,83,8307,thana
8319,QAp3NEXg,শিক্ষা বিভাগ,thana8319@instance.com,11,83,8319,thana
8323,Rth9KvSW,শিশুকল্যাণ,thana8323@instance.com,11,83,8323,thana
8305,2tZNaxgy,সদর দক্ষিণ,thana8305@instance.com,11,83,8305,thana
8301,t3VyaxUb,সদরপূর্ব,thana8301@instance.com,11,83,8301,thana
8315,SEGmXXuU,সরকারি এডওয়ার্ড কলেজ,thana8315@instance.com,11,83,8315,thana
8320,h8wdCEhf,স্কুল বিভাগ,thana8320@instance.com,11,83,8320,thana
8306,myD4FdrT,হিমাইতপুর,thana8306@instance.com,11,83,8306,thana
8426,6nYgKHRS,আটঘরিয়া উপজেলা পশ্চিম,thana8426@instance.com,11,84,8426,thana
8425,ijawcgYg,আটঘরিয়া উপজেলা পূর্ব,thana8425@instance.com,11,84,8425,thana
8406,v8qJzryZ,আতাইকুলা সাংগঠনিক থানা শাখা,thana8406@instance.com,11,84,8406,thana
8410,WHxxtjSx,আমিনপুর থানা শাখা,thana8410@instance.com,11,84,8410,thana
8421,EvAvQe7C,ঈশ্বরদী উপজেলা পশ্চিম,thana8421@instance.com,11,84,8421,thana
8422,zb34FmAt,ঈশ্বরদী উপজেলা পূর্ব,thana8422@instance.com,11,84,8422,thana
8429,nJ2AJEnU,ঈশ্বরদী সরকারী কলেজ,thana8429@instance.com,11,84,8429,thana
8405,uQzS9Eui,কাশিনাথপুর সাংগঠনিক থানা শাখা,thana8405@instance.com,11,84,8405,thana
8428,ayvG6sZa,চাটমোহর উপজেলা,thana8428@instance.com,11,84,8428,thana
8408,WaPRKBrt,ধুলাউড়ী কাওছাড়িয়া কামিল মাদরাসা,thana8408@instance.com,11,84,8408,thana
8404,KWGVDwYW,ফরিদপুর উপজেলা শাখা,thana8404@instance.com,11,84,8404,thana
8402,tzjqJfAD,বেড়া উপজেলা শাখা,thana8402@instance.com,11,84,8402,thana
8427,u4fbr6iG,ভাঙ্গুরা উপজেলা,thana8427@instance.com,11,84,8427,thana
8407,P6EFCGa6,সদর পূর্ব থানা শাখা,thana8407@instance.com,11,84,8407,thana
8401,wZyXWD6j,সাথিঁয়া উপজেলা শাখা,thana8401@instance.com,11,84,8401,thana
8403,Sk8E9idz,সুজানগর উপজেলা শাখা,thana8403@instance.com,11,84,8403,thana
8411,9aRig4kA,সৃজন সাহিত্য সাংস্কৃতিক সংসদ,thana8411@instance.com,11,84,8411,thana
8602,J8v7BrgM,ইসলামিয়া সরকারি কলেজ,thana8602@instance.com,11,86,8602,thana
8615,Sh7zmzSK,খোকশাবাড়ি,thana8615@instance.com,11,86,8615,thana
8616,pXRqf2Gb,ছোনগাছা,thana8616@instance.com,11,86,8616,thana
8613,QPjDh3hf,পৌরসভা উত্তর,thana8613@instance.com,11,86,8613,thana
8614,VzaAFnE7,পৌরসভা দক্ষিণ,thana8614@instance.com,11,86,8614,thana
8612,cbBrhyJG,পৌরসভা পশ্চিম,thana8612@instance.com,11,86,8612,thana
8611,P8HgBmqh,পৌরসভা পূর্ব,thana8611@instance.com,11,86,8611,thana
8617,GmGFvcg8,বহুলী উত্তর,thana8617@instance.com,11,86,8617,thana
8618,EkMqMDUm,বহুলী দক্ষিণ,thana8618@instance.com,11,86,8618,thana
8610,RprePeub,ব্যতিক্রম সাহিত্য সাংস্কৃতিক সংসদ,thana8610@instance.com,11,86,8610,thana
8608,SHCjpa5g,মাদ্রাসা অঞ্চল,thana8608@instance.com,11,86,8608,thana
8607,9VdVHaYq,মাদ্রাসা বিভাগ,thana8607@instance.com,11,86,8607,thana
8609,pDaiH2Kr,শিশুকল্যাণ,thana8609@instance.com,11,86,8609,thana
8619,9qjaA5ZY,শিয়ালকোল পশ্চিম,thana8619@instance.com,11,86,8619,thana
8620,AzQJgiSx,শিয়ালকোল পূর্ব,thana8620@instance.com,11,86,8620,thana
8622,FtNzJCSf,সায়দাবাদ,thana8622@instance.com,11,86,8622,thana
8604,xbDjuD3a,সিরাজগঞ্জ পলিটেকনিক ইন্সটিটিউট,thana8604@instance.com,11,86,8604,thana
8603,nqcCjz5U,সিরাজগঞ্জ মেডিকেল-জোন,thana8603@instance.com,11,86,8603,thana
8601,tEpBnTSc,সিরাজগঞ্জ সরকারী কলেজ,thana8601@instance.com,11,86,8601,thana
8606,fKyFYdtm,স্কুল বিভাগ পশ্চিম,thana8606@instance.com,11,86,8606,thana
8605,be9gFQCw,স্কুল বিভাগ পূর্ব,thana8605@instance.com,11,86,8605,thana
8621,B35PCzBY,হরিপুর,thana8621@instance.com,11,86,8621,thana
8707,EnnzBFQG,উল্লাপাড়া উপজেলা  শাখা,thana8707@instance.com,11,87,8707,thana
8708,YzjMeJt6,উল্লাপাড়া কামিল মাদ্রাসা শাখা,thana8708@instance.com,11,87,8708,thana
8711,BSphXRfR,এনায়তপুর থানা শাখা,thana8711@instance.com,11,87,8711,thana
8701,nw3nYjav,কাজিপুর উপজেলা  শাখা,thana8701@instance.com,11,87,8701,thana
8713,nmabbiMv,কামারখন্দ উপজেলা শাখা,thana8713@instance.com,11,87,8713,thana
8706,XtMgVA8b,তাড়াশ উপজেলা শাখা,thana8706@instance.com,11,87,8706,thana
8712,8EhFpNNt,বেলকুচি উপজেলা শাখা,thana8712@instance.com,11,87,8712,thana
8703,NbwgE6FF,রায়গঞ্জ উপজেলা শাখা,thana8703@instance.com,11,87,8703,thana
8709,fpkWYGPx,শাহজাদপুর উপজেলা পশ্চিম  শাখা,thana8709@instance.com,11,87,8709,thana
8710,5JjeJNs9,শাহজাদপুর ‍উপজেলা পূর্ব শাখা,thana8710@instance.com,11,87,8710,thana
8705,wMzb2KEP,সলঙ্গা থানা শাখা,thana8705@instance.com,11,87,8705,thana
8704,wS73pM9c,সিরাজগঞ্জ রোড থানা শাখা,thana8704@instance.com,11,87,8704,thana
8702,8zqChzjT,সিরাজগঞ্জ সদর উপজেলা শাখা,thana8702@instance.com,11,87,8702,thana
8806,kqu9arpY,আইএইচটি,thana8806@instance.com,12,88,8806,thana
8808,JKRVNTrx,আলিয়া,thana8808@instance.com,12,88,8808,thana
8814,7eHkMmGC,উপশহর,thana8814@instance.com,12,88,8814,thana
8812,S63PNzKz,চারমাথা,thana8812@instance.com,12,88,8812,thana
8813,i4wiCMe6,তিনমাথা,thana8813@instance.com,12,88,8813,thana
8817,PuAVFcA7,নারুলী,thana8817@instance.com,12,88,8817,thana
8805,J86QZUSk,পলিটেকনিক,thana8805@instance.com,12,88,8805,thana
8809,faaNhM7c,পুরাতন ভবন,thana8809@instance.com,12,88,8809,thana
8807,B9q7zj3E,পুলিশ লাইন্স,thana8807@instance.com,12,88,8807,thana
8816,HwWncYpa,পূর্ব বগুড়া,thana8816@instance.com,12,88,8816,thana
8815,uCZ4hMwe,মাটিডালী,thana8815@instance.com,12,88,8815,thana
8804,CNBG3Xqu,শহীদ জিয়াউর রহমান মেডিকেল কলেজ,thana8804@instance.com,12,88,8804,thana
8821,KaZqbXU6,শিশু,thana8821@instance.com,12,88,8821,thana
8822,uPKP2Z3i,সমন্বয়,thana8822@instance.com,12,88,8822,thana
8801,X3KMnAZD,সরকারি আজিজুল হক কলেজ,thana8801@instance.com,12,88,8801,thana
8803,aSf2tAWT,সরকারি শাহ সুলতান কলেজ,thana8803@instance.com,12,88,8803,thana
8818,rnEPHMTR,সাতমাথা,thana8818@instance.com,12,88,8818,thana
8819,jFgdDwNP,সিডিসি,thana8819@instance.com,12,88,8819,thana
8820,YuKkpkEt,সিডিসি একাডেমি,thana8820@instance.com,12,88,8820,thana
8811,mw7PGEHZ,স্কুল পশ্চিম,thana8811@instance.com,12,88,8811,thana
8810,ZBbUS7Wf,স্কুল পূর্ব,thana8810@instance.com,12,88,8810,thana
8802,fc3NaWZe,স্টেডিয়াম,thana8802@instance.com,12,88,8802,thana
8909,5KtPF52t,গাবতলী উপজেলা,thana8909@instance.com,12,89,8909,thana
8904,VvjuScFa,ধুনট উপজেলা,thana8904@instance.com,12,89,8904,thana
8908,QSgpA9HY,শাজাহানপুর দক্ষিণ,thana8908@instance.com,12,89,8908,thana
8907,VqizPK2v,শাজাহানপুর পশ্চিম,thana8907@instance.com,12,89,8907,thana
8906,mfUZbhng,শাজাহানপুর পূর্ব,thana8906@instance.com,12,89,8906,thana
8905,Fh8RTBvg,শাজাহানপুর শহর,thana8905@instance.com,12,89,8905,thana
8902,HuWvt5fP,শেরপুর উত্তর,thana8902@instance.com,12,89,8902,thana
8903,3bYBdQMk,শেরপুর দক্ষিন,thana8903@instance.com,12,89,8903,thana
8901,4sZDka6U,শেরপুর শহর,thana8901@instance.com,12,89,8901,thana
8913,XKZkm6hf,"সম্মিলন সাহিত্য সাংস্কৃতিক সংসদ, বগুড়া",thana8913@instance.com,12,89,8913,thana
8911,2Nb9itZz,সারিয়াকান্দি উপজেলা,thana8911@instance.com,12,89,8911,thana
8910,DXxtqd2J,সৈয়দ আহম্মদ,thana8910@instance.com,12,89,8910,thana
8912,r6fZNPki,সোনাতলা উপজেলা,thana8912@instance.com,12,89,8912,thana
9001,iT2QgV4k,আদমদিঘী পশ্চিম,thana9001@instance.com,12,90,9001,thana
9002,iBby6J95,আদমদিঘী পূর্ব,thana9002@instance.com,12,90,9002,thana
9005,HWWZ9EUE,কাহালু উত্তর,thana9005@instance.com,12,90,9005,thana
9006,2mm2dhM9,কাহালু দক্ষিন,thana9006@instance.com,12,90,9006,thana
9004,dRYCfVH9,তালোড়া সাংগঠনিক থানা,thana9004@instance.com,12,90,9004,thana
9003,ExGmmBEn,দুপচাঁচিয়া,thana9003@instance.com,12,90,9003,thana
9007,4myH8vpY,নন্দীগ্রাম,thana9007@instance.com,12,90,9007,thana
9012,hFrNpzZ6,পিরগাছা,thana9012@instance.com,12,90,9012,thana
9010,PpxTjmYc,পিরব সাংগঠনিক থানা,thana9010@instance.com,12,90,9010,thana
9008,nfHCZeFn,মহাস্থান,thana9008@instance.com,12,90,9008,thana
9013,67SWqx2A,মাহী সাহিত্য সাংস্কূতিক সংসদ,thana9013@instance.com,12,90,9013,thana
9011,NXSC6Qfc,মোকামতলা,thana9011@instance.com,12,90,9011,thana
9009,VHwfSBAf,শিবগঞ্জ,thana9009@instance.com,12,90,9009,thana
9111,y4rjSCWi,আক্কেলপুর উপজেলা শাখা,thana9111@instance.com,12,91,9111,thana
9117,h5VRkays,উদ্ভাবন সাহিত্য সাংস্কৃৃতিক সংসদ,thana9117@instance.com,12,91,9117,thana
9102,mKNWEXMD,কলেজ,thana9102@instance.com,12,91,9102,thana
9109,qwK3qnQJ,কালাই উপজেলা শাখা,thana9109@instance.com,12,91,9109,thana
9110,uAuVnyXS,ক্ষেতলাল উপজেলা শাখা,thana9110@instance.com,12,91,9110,thana
9114,DbQNpVVH,কড়ই মাদ্রাসা,thana9114@instance.com,12,91,9114,thana
9108,ZQeMeQrz,পাঁচবিবি পশ্চিম,thana9108@instance.com,12,91,9108,thana
9107,AXQ7MMBP,পাঁচবিবি পূর্ব,thana9107@instance.com,12,91,9107,thana
9115,hKjUgWQB,বানিয়াপাড়া,thana9115@instance.com,12,91,9115,thana
9101,RibFY3GY,শহর,thana9101@instance.com,12,91,9101,thana
9116,cjUGsfNW,শহর স্কুল,thana9116@instance.com,12,91,9116,thana
9118,GvE7KUxp,শিশুকল্যাণ,thana9118@instance.com,12,91,9118,thana
9105,xSY5kxyV,সদর উত্তর,thana9105@instance.com,12,91,9105,thana
9106,uCmrW8RR,সদর দক্ষিণ,thana9106@instance.com,12,91,9106,thana
9104,3GqcFSDE,সদর পশ্চিম,thana9104@instance.com,12,91,9104,thana
9103,SAbaQg6B,সদর পূর্ব,thana9103@instance.com,12,91,9103,thana
9112,Un2uCAhs,হাজী মাদ্রাসা,thana9112@instance.com,12,91,9112,thana
9113,BhTvfVEm,হানাইল,thana9113@instance.com,12,91,9113,thana
9220,3t6gEJiy,CR,thana9220@instance.com,12,92,9220,thana
9215,6b6fZaeh,অঙ্গীকার,thana9215@instance.com,12,92,9215,thana
9207,WtRrPdhS,আই আর,thana9207@instance.com,12,92,9207,thana
9217,8aXrietf,ইংলিশ মিডিয়াম,thana9217@instance.com,12,92,9217,thana
9201,J2h3aPMS,কারমাইকেল কলেজ,thana9201@instance.com,12,92,9201,thana
9210,UHt4T7dT,কোতয়ালী উত্তর,thana9210@instance.com,12,92,9210,thana
9209,EXgJNMnr,কোতয়ালী দক্ষিণ,thana9209@instance.com,12,92,9209,thana
9214,2KwYC4fR,টার্মিনাল থানা,thana9214@instance.com,12,92,9214,thana
9218,NuJyJcpp,ডিবেট,thana9218@instance.com,12,92,9218,thana
9212,PmXhqRai,পরশুরাম থানা,thana9212@instance.com,12,92,9212,thana
9205,vZMaNfAJ,পলিটেকনিক,thana9205@instance.com,12,92,9205,thana
9219,87eUBPmE,ফোরাম,thana9219@instance.com,12,92,9219,thana
9202,adcTgu7H,মেডিকেল থানা,thana9202@instance.com,12,92,9202,thana
9203,Rx3itiaT,রংপুর সরকারি কলেজ,thana9203@instance.com,12,92,9203,thana
9222,CcYwD5FP,শাপলা,thana9222@instance.com,12,92,9222,thana
9216,ZdTFavaK,শিশুকল্যাণ,thana9216@instance.com,12,92,9216,thana
9204,GU28WuRN,সাতগাড়া মাদ্রাসা,thana9204@instance.com,12,92,9204,thana
9206,X2ZqwChx,স্কুল,thana9206@instance.com,12,92,9206,thana
9213,zvJwePxS,হাজীরহাট,thana9213@instance.com,12,92,9213,thana
9211,vxK9BVNF,হারাগাছ থানা,thana9211@instance.com,12,92,9211,thana
9320,NwdxqpWR,কম্পন শিল্পী গোষ্ঠী,thana9320@instance.com,12,93,9320,thana
9309,Fxm5d2c7,কাউনিয়া পূর্ব থানা শাখা,thana9309@instance.com,12,93,9309,thana
9302,E8AX3sZb,গংগাচড়া পশ্চিম থানা শাখা,thana9302@instance.com,12,93,9302,thana
9301,jwHrfRyA,গংগাচড়া পূর্ব থানা শাখা,thana9301@instance.com,12,93,9301,thana
9303,evDrjM5X,তারাগঞ্জ থানা শাখা,thana9303@instance.com,12,93,9303,thana
9318,ggFRAEpz,পীরগঞ্জ পশ্চিম থানা শাখা,thana9318@instance.com,12,93,9318,thana
9317,7V7C2mF4,পীরগঞ্জ পূর্ব থানা শাখা,thana9317@instance.com,12,93,9317,thana
9316,ZrksQFf7,পীরগঞ্জ সদর আদর্শ থানা,thana9316@instance.com,12,93,9316,thana
9308,SF4hrDa3,পীরগাছা উত্তর থানা শাখা,thana9308@instance.com,12,93,9308,thana
9306,973z7iQV,পীরগাছা দক্ষিণ থানা শাখা,thana9306@instance.com,12,93,9306,thana
9307,KrYC6AVu,পীরগাছা প্রোপার থানা শাখা,thana9307@instance.com,12,93,9307,thana
9304,YDvjaw3P,বদরগঞ্জ থানা শাখা,thana9304@instance.com,12,93,9304,thana
9314,3F9UUTF2,মিঠাপুকুর উত্তর থানা শাখা,thana9314@instance.com,12,93,9314,thana
9315,KevnfufS,মিঠাপুকুর দক্ষিণ থানা শাখা,thana9315@instance.com,12,93,9315,thana
9313,X4qx5szu,মিঠাপুকুর পশ্চিম আদর্শ থানা,thana9313@instance.com,12,93,9313,thana
9312,rPQdBZeJ,মিঠাপুকুর পূর্ব আদর্শ থানা,thana9312@instance.com,12,93,9312,thana
9311,sCsGTji2,মিঠাপুকুর সদর আদর্শ থানা,thana9311@instance.com,12,93,9311,thana
9305,uQcA55FN,রংপুর সদর আদর্শ থানা শাখা,thana9305@instance.com,12,93,9305,thana
9321,GhVezHYd,রাইটার্স ফোরাম,thana9321@instance.com,12,93,9321,thana
9310,3ZuwwS8Z,হারাগাছ মেট্রোপলিটন থানা শাখা,thana9310@instance.com,12,93,9310,thana
9411,xG6cNFWc,আলিয়া মাদ্রাসা,thana9411@instance.com,12,94,9411,thana
9405,8cwxEKFR,উলিপুর উত্তর,thana9405@instance.com,12,94,9405,thana
9404,A9KN6pAk,উলিপুর দক্ষিণ,thana9404@instance.com,12,94,9404,thana
9417,3AmSHNgJ,কচাকাটা,thana9417@instance.com,12,94,9417,thana
9423,dddxqmED,কুড়িগ্রাম পলিটেকনিক,thana9423@instance.com,12,94,9423,thana
9408,kVSe9iJN,কুড়িগ্রাম শহর,thana9408@instance.com,12,94,9408,thana
9409,CuysNgUi,কুড়িগ্রাম সরকারি কলেজ,thana9409@instance.com,12,94,9409,thana
9403,DwPEHGgZ,চিলমারী,thana9403@instance.com,12,94,9403,thana
9424,UdebMqca,ধরলা সাংস্কৃতিক সংসদ,thana9424@instance.com,12,94,9424,thana
9415,57VNFugT,নাগেশ্বরী উত্তর,thana9415@instance.com,12,94,9415,thana
9414,cb2PRjdz,নাগেশ্বরী দক্ষিণ,thana9414@instance.com,12,94,9414,thana
9418,KRK33UtR,ফুলবাড়ি পশ্চিম,thana9418@instance.com,12,94,9418,thana
9422,js7MrdZX,ফুলবাড়ি পুর্ব,thana9422@instance.com,12,94,9422,thana
9416,jUTyTvMU,ভুরুঙ্গামারী,thana9416@instance.com,12,94,9416,thana
9407,5TTShqRv,রাজারহাট পশ্চিম,thana9407@instance.com,12,94,9407,thana
9406,yVfnSTEr,রাজারহাট পুর্ব,thana9406@instance.com,12,94,9406,thana
9401,rRicVbxr,রাজিবপুর,thana9401@instance.com,12,94,9401,thana
9402,2nYdAefy,রৌমারী,thana9402@instance.com,12,94,9402,thana
9419,iwymfRKz,সদর উত্তর,thana9419@instance.com,12,94,9419,thana
9420,mkk38ApF,সদর দক্ষিণ,thana9420@instance.com,12,94,9420,thana
9412,5PYi7SR6,সদর পশ্চিম,thana9412@instance.com,12,94,9412,thana
9413,NGAZVnqB,সদর পুর্ব,thana9413@instance.com,12,94,9413,thana
9410,9zUG5Ssn,স্কুল বিভাগ,thana9410@instance.com,12,94,9410,thana
9510,rXYpv3WG,কাঁঠালী সাংগঠনিক থানা শাখা,thana9510@instance.com,13,95,9510,thana
9513,kKGfmD9b,কিশোরগঞ্জ সাংগঠনিক থানা,thana9513@instance.com,13,95,9513,thana
9505,u3Qsdvmq,খালিশা চাপানি সাংগঠনিক থানা,thana9505@instance.com,13,95,9505,thana
9507,GrBYHAMF,গোলমুন্ডা আদর্শ থানা,thana9507@instance.com,13,95,9507,thana
9502,DZx3enzd,চিলাহাটি সাংগঠনিক থানা,thana9502@instance.com,13,95,9502,thana
9514,S8CamFPB,ছিটমীরগঞ্জ কামিল মাদরাসা সাংগঠনিক থানা,thana9514@instance.com,13,95,9514,thana
9508,fG5zQaMB,জলঢাকা আদর্শ থানা,thana9508@instance.com,13,95,9508,thana
9517,u3Jp8cqG,জলঢাকা সরকারি কলেজ সাংগঠনিক  থানা শাখা,thana9517@instance.com,13,95,9517,thana
9506,m5CgkWEB,ঝুনাগাছ চাপানি সাংগঠনিক থানা,thana9506@instance.com,13,95,9506,thana
9511,RUcBS3J9,টেংগনমারী সাংগঠনিক থানা,thana9511@instance.com,13,95,9511,thana
9503,ayhGt9Je,ডিমলা আদর্শ থানা,thana9503@instance.com,13,95,9503,thana
9501,Jy9SdjGG,ডোমার আদর্শ থানা,thana9501@instance.com,13,95,9501,thana
9504,iPUzbXDC,নাউতারা সাংগঠনিক থানা,thana9504@instance.com,13,95,9504,thana
9515,RguhR4W9,বোরাগাড়ী সাংগঠনিক থানা,thana9515@instance.com,13,95,9515,thana
9512,i2ZYgHyQ,বড়ভিটা সাংগঠনিক থানা,thana9512@instance.com,13,95,9512,thana
9540,XTyqVnxV,মনোহর সাংস্কৃতিক সংসদ,thana9540@instance.com,13,95,9540,thana
9509,8QgKxiDk,মীরগঞ্জ সাংগঠনিক থানা,thana9509@instance.com,13,95,9509,thana
9530,2MfY4wnr,শিশু কল্যাণ,thana9530@instance.com,13,95,9530,thana
9609,Kckb5XEC,আদিতমারী থানা,thana9609@instance.com,13,96,9609,thana
9621,SfkKAPEC,এভিয়েশন এন্ড অ্যারোস্পেস ইউনিভার্সিটি,thana9621@instance.com,13,96,9621,thana
9608,zrCzqXvS,কাকিনা উত্তরবাংলা কলেজ,thana9608@instance.com,13,96,9608,thana
9607,ekGN7zzG,কালিগঞ্জ পশ্চিম সাথী শাখা,thana9607@instance.com,13,96,9607,thana
9606,WvCexWuY,কালিগঞ্জ পূর্ব,thana9606@instance.com,13,96,9606,thana
9618,GaexT6pZ,জেলা স্কুল বিভাগ,thana9618@instance.com,13,96,9618,thana
9619,bBUEEXVF,টর্ণেডো সাংস্কৃতিক সংসদ,thana9619@instance.com,13,96,9619,thana
9601,nXuZ8wJs,পাটগ্রাম পশ্চিম,thana9601@instance.com,13,96,9601,thana
9602,aZ73dk6m,পাটগ্রাম পূর্ব সাথী শাখা,thana9602@instance.com,13,96,9602,thana
9603,9fPceQg3,বাউড়া বড়খাতা,thana9603@instance.com,13,96,9603,thana
9620,TrDA65GQ,রাইটার্স ফোরাম,thana9620@instance.com,13,96,9620,thana
9616,qVnyWf6p,লালমনিরহাট নেছারিয়া কামিল মাদ্রাসা,thana9616@instance.com,13,96,9616,thana
9614,6Xf7tJAj,লালমনিরহাট শহর,thana9614@instance.com,13,96,9614,thana
9615,3uxwu8zP,লালমনিরহাট সরকারি কলেজ,thana9615@instance.com,13,96,9615,thana
9617,wKdCKTdN,শিশু কল্যাণ,thana9617@instance.com,13,96,9617,thana
9611,DcY4ADhn,সদর উত্তর,thana9611@instance.com,13,96,9611,thana
9613,gBeGQxq7,সদর দক্ষিণ,thana9613@instance.com,13,96,9613,thana
9610,d5zRy4bf,সদর পশ্চিম,thana9610@instance.com,13,96,9610,thana
9612,vjg7whuu,সদর পূর্ব,thana9612@instance.com,13,96,9612,thana
9604,nG6DBQPy,হাতিবান্ধা কলেজ,thana9604@instance.com,13,96,9604,thana
9605,qHeTnugh,হাতিবান্ধা সাথী শাখা,thana9605@instance.com,13,96,9605,thana
9701,zr9T7vvJ,গাইবান্ধা শহর আদর্শ শাখা,thana9701@instance.com,13,97,9701,thana
9712,hJMbUQsj,গাইবান্ধা সদর উপজেলা শাখা,thana9712@instance.com,13,97,9712,thana
9710,ik4CtPmu,গাইবান্ধা সরকারি কলেজ শাখা,thana9710@instance.com,13,97,9710,thana
9703,affQsGfd,গোবিন্দগঞ্জ আদর্শ থানা শাখা,thana9703@instance.com,13,97,9703,thana
9720,AcvfnPAp,গোবিন্দগঞ্জ উপজেলা শাখা,thana9720@instance.com,13,97,9720,thana
9717,RPz6brzC,নবোচ্ছ্বাস সাহিত্য সাংস্কৃতিক সংসদ (নসাস),thana9717@instance.com,13,97,9717,thana
9709,VFAF2Bnx,পলাশবাড়ী উপজেলা আদর্শ থানা শাখা,thana9709@instance.com,13,97,9709,thana
9711,BtE44MCX,পলাশবাড়ী পূর্ব থানা শাখা,thana9711@instance.com,13,97,9711,thana
9704,sNqnnrz9,পলাশবাড়ী পৌর থানা শাখা,thana9704@instance.com,13,97,9704,thana
9707,vkAxedB9,ফুলছড়ি থানা শাখা,thana9707@instance.com,13,97,9707,thana
9719,bcpA8MkZ,মহিমাগঞ্জ আলিয়া থানা শাখা,thana9719@instance.com,13,97,9719,thana
9718,u54GyUwF,শিশুকল্যাণ,thana9718@instance.com,13,97,9718,thana
9706,mXYbhakE,সাঘাটা থানা শাখা,thana9706@instance.com,13,97,9706,thana
9705,dVJeBkFQ,সাদুল্লাপুর উত্তর থানা শাখা,thana9705@instance.com,13,97,9705,thana
9714,crkGgrjJ,সাদুল্লাপুর দক্ষিণ থানা শাখা,thana9714@instance.com,13,97,9714,thana
9702,GMUxHDB4,সুন্দরগঞ্জ আদর্শ থানা শাখা,thana9702@instance.com,13,97,9702,thana
9708,5xyeJJcC,সুন্দরগঞ্জ পূর্ব থানা শাখা,thana9708@instance.com,13,97,9708,thana
9715,pBYYdAiX,সুন্দরগঞ্জ পৌর থানা শাখা,thana9715@instance.com,13,97,9715,thana
9716,kpNPduHG,স্কুল শাখা,thana9716@instance.com,13,97,9716,thana
9819,9vQCCNBd,উপশহর,thana9819@instance.com,13,98,9819,thana
9810,uUibf9za,কলেজ বিভাগ,thana9810@instance.com,13,98,9810,thana
9809,TJeTQfPt,কেবিএম,thana9809@instance.com,13,98,9809,thana
9808,raeU7mY7,দিনাজপুর টেক্সটাইল  ইনস্টিটিউট,thana9808@instance.com,13,98,9808,thana
9806,McaW7Ad4,দিনাজপুর পলিটেকনিক ইন্সিটিউট,thana9806@instance.com,13,98,9806,thana
9805,r9hvH5AQ,দিনাজপুর মেডিকেল কলেজ,thana9805@instance.com,13,98,9805,thana
9801,A4ZtbMCU,দিনাজপুর সরকারি কলেজ,thana9801@instance.com,13,98,9801,thana
9816,RmCvhGwG,পৌর পশ্চিম,thana9816@instance.com,13,98,9816,thana
9815,ZMERv9VB,পৌর পূর্ব,thana9815@instance.com,13,98,9815,thana
9807,hQGXhj9s,মাদ্রাসা বিভাগ,thana9807@instance.com,13,98,9807,thana
9820,hMuVbygQ,রাহবার সাহিত্য সাংস্কৃতিক সংসদ,thana9820@instance.com,13,98,9820,thana
9821,UXvF4Jq3,শিশুকল্যাণ,thana9821@instance.com,13,98,9821,thana
9817,kjzMb7YH,সদর দক্ষিণ,thana9817@instance.com,13,98,9817,thana
9818,k5dZGrHC,স্কুল বিভাগ,thana9818@instance.com,13,98,9818,thana
9909,Ef7K8md4,কাহারোল থানা শাখা,thana9909@instance.com,13,99,9909,thana
9915,fWdF7HGR,কাহারোল পূর্ব সাংগঠনিক থানা,thana9915@instance.com,13,99,9915,thana
9905,yaZYxMt4,খানসামা আদর্শ থানা শাখা,thana9905@instance.com,13,99,9905,thana
9913,azPKMbpR,খানসামা উত্তর সাংগঠনিক থানা,thana9913@instance.com,13,99,9913,thana
9903,ejcwmUPJ,চিরিরিবন্দর থানা শাখা,thana9903@instance.com,13,99,9903,thana
9910,iMudCi9s,দশ মাইল সাংগঠনিক থানা শাখা,thana9910@instance.com,13,99,9910,thana
9902,ExyPYX5u,বিরল আদর্শ থানা শাখা,thana9902@instance.com,13,99,9902,thana
9912,pCfAG4er,বিরল উত্তর সাংগঠনিক থানা,thana9912@instance.com,13,99,9912,thana
9906,hkJTizM7,বীরগঞ্জ থানা শাখা,thana9906@instance.com,13,99,9906,thana
9914,qWGWrGXP,বীরগঞ্জ পূর্ব সাংগঠনিক থানা,thana9914@instance.com,13,99,9914,thana
9907,ngHehhFR,বীরগঞ্জ পৌর সাংগঠনিক থানা,thana9907@instance.com,13,99,9907,thana
9908,dhNDifwg,বীরগঞ্জ সরকারী কলেজ সাংগঠনিক থানা,thana9908@instance.com,13,99,9908,thana
9901,QWB4bScn,বোচাগঞ্জ আদর্শ থানা,thana9901@instance.com,13,99,9901,thana
9904,EX6aBzAi,রানীরবন্দর সাংগঠনকি থানা শাখা,thana9904@instance.com,13,99,9904,thana
10010,FvT6QAMS,আফতাবগঞ্জ সাংগঠনিক থানা শাখা,thana10010@instance.com,13,100,10010,thana
10015,JU5Wvjxm,আমবাড়ী সাংগঠনিক থানা শাখা,thana10015@instance.com,13,100,10015,thana
10007,eHVPh2iF,ঘোড়াঘাট আদর্শ থানা  শাখা,thana10007@instance.com,13,100,10007,thana
10006,gbJAh9ng,ঘোড়াঘাট পৌর থানা শাখা,thana10006@instance.com,13,100,10006,thana
10009,zE6gabgC,নবাবগঞ্জ উত্তর থানা শাখা,thana10009@instance.com,13,100,10009,thana
10008,4aYBZVpT,নবাবগঞ্জ দক্ষিণ থানা শাখা,thana10008@instance.com,13,100,10008,thana
10013,7UNE4teh,পার্বতীপুর প্রশাসনিক থানা শাখা,thana10013@instance.com,13,100,10013,thana
10016,n46NrhuM,প্রতিধ্বনি সাহিত্য সাংস্কৃতিক সংসদ,thana10016@instance.com,13,100,10016,thana
10011,mP9cYUKS,ফুলবাড়ী আদর্শ থানা  শাখা,thana10011@instance.com,13,100,10011,thana
10012,QKwgARTR,ফুলবাড়ী সরকারি কলেজ থানা শাখা,thana10012@instance.com,13,100,10012,thana
10003,5HauHWU4,বিজুল মাদ্রাসা থানা শাখা,thana10003@instance.com,13,100,10003,thana
10001,64cpFrjT,বিরামপুর থানা শাখা,thana10001@instance.com,13,100,10001,thana
10002,Q3cU2JC8,বিরামপুর পৌর আদর্শ শাখা,thana10002@instance.com,13,100,10002,thana
10014,aJxifyaa,ভবানীপুর মাদ্রাসা থানা শাখা,thana10014@instance.com,13,100,10014,thana
10004,hbJzH8fn,হাকিমপুর উত্তর থানা শাখা,thana10004@instance.com,13,100,10004,thana
10005,pGFcxiUD,হাকিমপুর দক্ষিণ থানা শাখা,thana10005@instance.com,13,100,10005,thana
10111,kfH4uEyD,আাবাদতাকিয়া মাদরাসা থানা শাখা,thana10111@instance.com,13,101,10111,thana
10101,RHC3f7TT,নেকমরদ আাদর্শ  থানা শাখা,thana10101@instance.com,13,101,10101,thana
10105,RecBep4G,পীর উত্তর  আাদর্শ  থানা শাখা,thana10105@instance.com,13,101,10105,thana
10109,89NhCTfi,পীর দক্ষিণ শাখা,thana10109@instance.com,13,101,10109,thana
10110,wxuGtDqQ,পীর সরকারি কলেজ,thana10110@instance.com,13,101,10110,thana
10108,kNgCPgTg,বালিয়াডাঙ্গী উত্তর সাংগঠনিক থানা শাখা,thana10108@instance.com,13,101,10108,thana
10102,dAghpZtk,বালিয়াডাঙ্গী উপজেলা আদর্শ খানা শাাখা,thana10102@instance.com,13,101,10102,thana
10103,tnWGyyQW,রাণী পৌর আদর্শ শাখা,thana10103@instance.com,13,101,10103,thana
10104,E6M8gMVi,রাণীশৈংকৈল আদর্শ  থানা শাখা,thana10104@instance.com,13,101,10104,thana
10112,dm6SfFcF,রানীশংকৈল ডিগ্রি কলেজ,thana10112@instance.com,13,101,10112,thana
10106,SpZnhyBD,হরি উত্তর শাখা,thana10106@instance.com,13,101,10106,thana
10107,H3XjiudC,হরি দক্ষিণ থানা শাখা,thana10107@instance.com,13,101,10107,thana
10210,RJC459hN,আটোয়ারী উপজেলা,thana10210@instance.com,14,102,10210,thana
10213,pMvr6Hdb,কালীগঞ্জ সাংগঠনিক থানা,thana10213@instance.com,14,102,10213,thana
10206,YrGEZvA3,তেঁতুলিয়া উপজেলা,thana10206@instance.com,14,102,10206,thana
10205,Tr4purUU,দেবীগঞ্জ আদর্শ শাখা,thana10205@instance.com,14,102,10205,thana
10212,CMreBqyh,দেবীগঞ্জ শহর,thana10212@instance.com,14,102,10212,thana
10201,YKdd5KD9,পঞ্চগড় শহর আদর্শ শাখা,thana10201@instance.com,14,102,10201,thana
10211,KmYQmGjn,বোদা উপজেলা,thana10211@instance.com,14,102,10211,thana
10204,4v9YB74h,ভাউলাগঞ্জ আদর্শ শাখা,thana10204@instance.com,14,102,10204,thana
10207,wRtc3aup,মকবুলার রহমান সরকারি কলেজ,thana10207@instance.com,14,102,10207,thana
10216,7KpMYrzD,শিশু কল্যাণ শাখা,thana10216@instance.com,14,102,10216,thana
10202,2YY7WkxS,সদর উত্তর আদর্শ শাখা,thana10202@instance.com,14,102,10202,thana
10209,A62dCcK9,সদর পশ্চিম সাংগঠনিক থানা শাখা,thana10209@instance.com,14,102,10209,thana
10203,3DZfhdha,সদর পূর্ব আদর্শ শাখা,thana10203@instance.com,14,102,10203,thana
10215,pubagewV,সীমান্ত সাহিত্য সংসদ,thana10215@instance.com,14,102,10215,thana
10214,NKhNgWe6,স্কুল বিভাগ,thana10214@instance.com,14,102,10214,thana
10329,tQREecn6,আলিয়া মাদরাসা,thana10329@instance.com,14,103,10329,thana
10303,fdTCXNSE,আড়ংঘাটা,thana10303@instance.com,14,103,10303,thana
10322,7NzZRNju,কমার্স কলেজ,thana10322@instance.com,14,103,10322,thana
10316,Ya7sP8mm,কার্ডিয়া,thana10316@instance.com,14,103,10316,thana
10313,BqHepCp7,কে পি আই,thana10313@instance.com,14,103,10313,thana
10309,r5cntmc6,খালিশপুর পশ্চিম,thana10309@instance.com,14,103,10309,thana
10308,4egww53s,খালিশপুর পূর্ব,thana10308@instance.com,14,103,10308,thana
10326,jW8NHFJn,টাইফুন শিল্পীগোষ্টী,thana10326@instance.com,14,103,10326,thana
10301,NmjkiNYT,দৌলতপুর উত্তর,thana10301@instance.com,14,103,10301,thana
10304,Fh5Vxfzv,দৌলতপুর দক্ষিণ,thana10304@instance.com,14,103,10304,thana
10310,x8wXkykM,নেছারিয়া মাদ্রাসা,thana10310@instance.com,14,103,10310,thana
10306,BPvfgxgM,বিএল কলেজ,thana10306@instance.com,14,103,10306,thana
10318,YaKFUf9u,মিল্লাত মাদ্রাসা,thana10318@instance.com,14,103,10318,thana
10312,uHvMhRad,মুহাসিন কলেজ,thana10312@instance.com,14,103,10312,thana
10331,BEUFiM7R,লবণচরা,thana10331@instance.com,14,103,10331,thana
10315,Y7C6dBjt,শিশু কল্যাণ,thana10315@instance.com,14,103,10315,thana
10323,jSVKP9Fp,সদর থানা (উত্তর),thana10323@instance.com,14,103,10323,thana
10324,zqt8xfVi,সদর থানা (দক্ষিন),thana10324@instance.com,14,103,10324,thana
10327,yrdWxEHk,সিটি কলেজ,thana10327@instance.com,14,103,10327,thana
10325,XUEBRMbd,সিদ্দিকীয়া মাদরাসা,thana10325@instance.com,14,103,10325,thana
10317,KB2aFK7R,সোনাডাঙ্গা থানা উত্তর,thana10317@instance.com,14,103,10317,thana
10319,yvKibb5v,সোনাডাঙ্গা থানা দক্ষিণ,thana10319@instance.com,14,103,10319,thana
10314,MfeXPVay,স্কুল বিভাগ,thana10314@instance.com,14,103,10314,thana
10321,dzrBvHFD,হরিণটানা থানা,thana10321@instance.com,14,103,10321,thana
10401,iKPCJhP6,খানজাহান আলী থানা,thana10401@instance.com,14,104,10401,thana
10404,Av4yZxWX,ডুমুরিয়া উত্তর,thana10404@instance.com,14,104,10404,thana
10405,VMzKMhJ7,ডুমুরিয়া পশ্চিম,thana10405@instance.com,14,104,10405,thana
10406,gkNdgz3p,ডুমুরিয়া সদর,thana10406@instance.com,14,104,10406,thana
10412,ZRbwZcYz,তেরখাদা পশ্চিম,thana10412@instance.com,14,104,10412,thana
10411,5RPpnrDZ,তেরখাদা সদর,thana10411@instance.com,14,104,10411,thana
10414,NqfAJ7WH,দিঘলিয়া পশ্চিম,thana10414@instance.com,14,104,10414,thana
10413,CE8mdjAW,দিঘলিয়া পূর্ব,thana10413@instance.com,14,104,10413,thana
10403,8DrmtduS,ফুলতলা পশ্চিম,thana10403@instance.com,14,104,10403,thana
10402,n5vzWkQp,ফুলতলা সদর,thana10402@instance.com,14,104,10402,thana
10408,Hz4QEsGw,বটিয়াঘাটা,thana10408@instance.com,14,104,10408,thana
10410,nJ5NEUJ8,রুপসা পশ্চিম,thana10410@instance.com,14,104,10410,thana
10409,cMcm6hmj,রুপসা পূর্ব,thana10409@instance.com,14,104,10409,thana
10502,M8w3gBcv,কয়রা থানা উত্তর,thana10502@instance.com,14,105,10502,thana
10503,fanYMqGe,কয়রা থানা দক্ষিণ,thana10503@instance.com,14,105,10503,thana
10501,xGyijVjt,কয়রা থানা সদর,thana10501@instance.com,14,105,10501,thana
10509,iRFvwSGR,দাকোপ থানা,thana10509@instance.com,14,105,10509,thana
10505,hk9HDc7C,পাইকগাছা থানা উত্তর,thana10505@instance.com,14,105,10505,thana
10506,gxDt4HN7,পাইকগাছা থানা দক্ষিণ,thana10506@instance.com,14,105,10506,thana
10507,jhStmzv6,পাইকগাছা পৌরসভা,thana10507@instance.com,14,105,10507,thana
10508,sXAqnQrd,সুরছন্দ শিল্পীগোষ্ঠী,thana10508@instance.com,14,105,10508,thana
10504,PCSpByhG,স্কুল বিভাগ (অর্কিড),thana10504@instance.com,14,105,10504,thana
10622,aUyZqdnB,মোল্লাহাট,thana10622@instance.com,14,106,10622,thana
10608,nshsQUHx,কচুয়া ঊত্তর,thana10608@instance.com,14,106,10608,thana
10609,phMpVQYd,কচুয়া দক্ষিণ,thana10609@instance.com,14,106,10609,thana
10623,sCbrQ8PM,চিতলমারী,thana10623@instance.com,14,106,10623,thana
10602,5TJtR4Vm,পিসি সি,thana10602@instance.com,14,106,10602,thana
10621,jbyqqTQG,ফকিরহাট পশ্চিম,thana10621@instance.com,14,106,10621,thana
10620,zEUQZpbk,ফকিরহাট পূর্ব,thana10620@instance.com,14,106,10620,thana
10601,wncTr2q4,বাগেরহাট পোর,thana10601@instance.com,14,106,10601,thana
10606,6VT2zWRW,বারুইপাড়া,thana10606@instance.com,14,106,10606,thana
10627,jEZ7efYy,বেমরতা,thana10627@instance.com,14,106,10627,thana
10614,BJWh7Qej,মংলা থানা,thana10614@instance.com,14,106,10614,thana
10613,HKuU5xEt,মংলা পৌর,thana10613@instance.com,14,106,10613,thana
10616,MDUziM7f,মোড়েলগঞ্জ ঊত্তর,thana10616@instance.com,14,106,10616,thana
10617,waun49Zk,মোড়েলগঞ্জ দক্ষিণ,thana10617@instance.com,14,106,10617,thana
10615,KvYanUwC,মোড়েলগঞ্জ পৌর,thana10615@instance.com,14,106,10615,thana
10628,xxDXNTBB,ম্যাটস,thana10628@instance.com,14,106,10628,thana
10610,xExTBPAb,রামপাল  পূর্ব,thana10610@instance.com,14,106,10610,thana
10612,bQdNfKnu,রামপাল পশ্চিম,thana10612@instance.com,14,106,10612,thana
10619,sbUYEHbr,শরনখোলা উত্তর,thana10619@instance.com,14,106,10619,thana
10618,ZqYbrmhU,শরনখোলা দক্ষিন,thana10618@instance.com,14,106,10618,thana
10611,tvEwKaH9,শরাফপুর,thana10611@instance.com,14,106,10611,thana
10626,Fr2Zzaju,শিশু,thana10626@instance.com,14,106,10626,thana
10605,9WvMEJUv,সদর ঊত্তর,thana10605@instance.com,14,106,10605,thana
10607,jMestRQk,সদর দক্ষিণ,thana10607@instance.com,14,106,10607,thana
10604,aPQqgQ5S,সদর পশ্চিম,thana10604@instance.com,14,106,10604,thana
10603,CfhBcqDf,সদর পূর্ব,thana10603@instance.com,14,106,10603,thana
10624,HfJ5QczF,সাংস্কৃতি,thana10624@instance.com,14,106,10624,thana
10625,VrwBJrnh,স্কুল,thana10625@instance.com,14,106,10625,thana
10715,ny8JBmc8,আগরদাড়ী আমিনিয়া কামিল মাদ্রাসা,thana10715@instance.com,14,107,10715,thana
10721,5PnkEc9M,আদর্শ বিভাগ,thana10721@instance.com,14,107,10721,thana
10713,JvHKy7rd,আলিপুর,thana10713@instance.com,14,107,10713,thana
10719,EHUqYHqk,কপোতাক্ষ,thana10719@instance.com,14,107,10719,thana
10717,XQd2EmqM,ঝাউডাঙ্গা,thana10717@instance.com,14,107,10717,thana
10705,Ha9cCjGm,পৌর পূর্ব,thana10705@instance.com,14,107,10705,thana
10701,aXSQ9ejf,পৌর উত্তর,thana10701@instance.com,14,107,10701,thana
10706,vembhpSK,পৌর দক্ষিণ,thana10706@instance.com,14,107,10706,thana
10707,2WVD3wTN,পৌর পশ্চিম,thana10707@instance.com,14,107,10707,thana
10718,nFcDuQh6,লাবসা,thana10718@instance.com,14,107,10718,thana
10702,EDbfvNFF,শিশুকল্যাণ,thana10702@instance.com,14,107,10702,thana
10716,7YMxMQu2,সদর উত্তর,thana10716@instance.com,14,107,10716,thana
10712,VWnqnXn4,সদর দক্ষিণ,thana10712@instance.com,14,107,10712,thana
10714,mPENePeW,সদর পশ্চিম,thana10714@instance.com,14,107,10714,thana
10711,CHbHN5PE,সদর পূর্ব,thana10711@instance.com,14,107,10711,thana
10704,SpsmvSQW,সাতক্ষীরা সরকারি কলেজ,thana10704@instance.com,14,107,10704,thana
10709,z4fShmw2,সাতক্ষীরা সরকারি পলিটেকনিক ইনস্টিটিউট,thana10709@instance.com,14,107,10709,thana
10708,CqNWuhq6,সাতক্ষীরা সিটি কলেজ,thana10708@instance.com,14,107,10708,thana
10720,gVee3D5g,সাত্ক্ষীরা সরকারি মেডিকেল কলেজ,thana10720@instance.com,14,107,10720,thana
10703,QiXvF67Y,স্কুল বিভাগ,thana10703@instance.com,14,107,10703,thana
10710,FF295FBP,"হযরত আবু বকর (রা:) সিদ্দীকিয়া কামিল মাদরাসা, জাহানাবাজ",thana10710@instance.com,14,107,10710,thana
10809,AZEHtPUP,আশাশুনি উপজেলা শহর,thana10809@instance.com,14,108,10809,thana
10810,UuasY4Kr,আশাশুনি দক্ষিণ,thana10810@instance.com,14,108,10810,thana
10801,NpPq3ywd,কলারোয়া উপজেলা,thana10801@instance.com,14,108,10801,thana
10812,4yRAWhuE,কালিগঞ্জ উপজেলা,thana10812@instance.com,14,108,10812,thana
10805,gJdfRCbm,তালা,thana10805@instance.com,14,108,10805,thana
10806,fd2VM76P,দেবহাটা উপজেলা,thana10806@instance.com,14,108,10806,thana
10804,u9UumrVW,পাটকেলঘাটা,thana10804@instance.com,14,108,10804,thana
10816,UpJiRTTq,শ্যামনগর উপজেলা,thana10816@instance.com,14,108,10816,thana
10914,nHra3FmY,আইডিয়াল,thana10914@instance.com,15,109,10914,thana
10913,XraY4HEa,আরবপুর,thana10913@instance.com,15,109,10913,thana
10927,apJvnW6m,কচুয়া,thana10927@instance.com,15,109,10927,thana
10910,fBG9DuYY,চাঁচড়া,thana10910@instance.com,15,109,10910,thana
10929,reteexYT,ডাক্তার আব্দুর রাজ্জাক মিউঃ কলেজ,thana10929@instance.com,15,109,10929,thana
10915,hfhgZVtg,দেয়াড়া,thana10915@instance.com,15,109,10915,thana
10920,rUARsENb,নরেন্দ্রপুর,thana10920@instance.com,15,109,10920,thana
10902,9KAeSKwH,পৌর থানা,thana10902@instance.com,15,109,10902,thana
10921,SASDSpWv,ফতেহপুর,thana10921@instance.com,15,109,10921,thana
10907,mPySgBmm,যশোর আমিনিয়া কামিল মাদ্রাসা,thana10907@instance.com,15,109,10907,thana
10923,uJcKEKuf,যশোর পলিটেকনিক ইন্সটিটিউট,thana10923@instance.com,15,109,10923,thana
10909,xYAFchvF,যশোর মেডিকেল কলেজ,thana10909@instance.com,15,109,10909,thana
10922,ep5KDERK,রামনগর,thana10922@instance.com,15,109,10922,thana
10916,npjxdduw,শিশুকল্যাণ,thana10916@instance.com,15,109,10916,thana
10904,7ctPhcvD,সংস্কৃতি,thana10904@instance.com,15,109,10904,thana
10919,i8DnMBpv,সদর উত্তর,thana10919@instance.com,15,109,10919,thana
10924,gQsqdtP8,সদর পূর্ব,thana10924@instance.com,15,109,10924,thana
10901,JazQifkA,সরকারি এম এম কলেজ,thana10901@instance.com,15,109,10901,thana
10905,2dmFuimd,সরকারি সিটি কলেজ,thana10905@instance.com,15,109,10905,thana
10903,nHWxFjnn,স্কুল,thana10903@instance.com,15,109,10903,thana
10928,fpPAWjxd,হামিদপুর আল-হেরা ডিগ্রী কলেজ,thana10928@instance.com,15,109,10928,thana
11007,AVGei9SN,অভয়নগর পশ্চিম থানা শাখা,thana11007@instance.com,15,110,11007,thana
11006,CkCrMKCg,অভয়নগর পূর্ব আদর্শ শাখা,thana11006@instance.com,15,110,11006,thana
11005,KvppHAuF,অভয়নগর পৌর আদর্শ শাখা,thana11005@instance.com,15,110,11005,thana
11015,TU5YRSBA,কেশবপুর পশ্চিম আদর্শ শাখা,thana11015@instance.com,15,110,11015,thana
11016,QD75uX8b,কেশবপুর পূর্ব,thana11016@instance.com,15,110,11016,thana
11014,5p2NaZwp,কেশবপুর পৌর শাখা,thana11014@instance.com,15,110,11014,thana
11018,MUszsaAF,খাজুরা আদর্শ শাখা,thana11018@instance.com,15,110,11018,thana
11002,YK4kUUab,বসুন্দিয়া আদর্শ শাখা,thana11002@instance.com,15,110,11002,thana
11004,8qZxkaVG,বাঘারপাড়া দক্ষিণ,thana11004@instance.com,15,110,11004,thana
11003,H2bDgvGn,বাঘারপাড়া পৌর আদর্শ শাখা,thana11003@instance.com,15,110,11003,thana
11011,4asnaMFm,মণিরামপুর উওর,thana11011@instance.com,15,110,11011,thana
11008,RtKzPyjY,মণিরামপুর পূর্ব আদর্শ শাখা,thana11008@instance.com,15,110,11008,thana
11010,RgERhEN9,মনিরামপুর দক্ষিণ আদর্শ শাখা,thana11010@instance.com,15,110,11010,thana
11001,2zH9b2BF,মনিরামপুর পশ্চিম সাংগঠনিক শাখা,thana11001@instance.com,15,110,11001,thana
11009,mdBUR5vY,মনিরামপুর পৌর আদর্শ শাখা,thana11009@instance.com,15,110,11009,thana
11013,URpF7UiP,রাজগন্জ আদর্শ শাখা,thana11013@instance.com,15,110,11013,thana
11012,e73YqdBU,রাজগন্জ উওর,thana11012@instance.com,15,110,11012,thana
11017,HYnAePbs,সাগরদাড়ি থানা শাখা,thana11017@instance.com,15,110,11017,thana
11102,ATcAWMWs,গাজীর দরগাহ আদর্শ থানা শাখা,thana11102@instance.com,15,111,11102,thana
11110,7G8Y335e,চৌগাছা আদর্শ থানা শাখা,thana11110@instance.com,15,111,11110,thana
11111,sraMyANS,চৌগাছা উত্তর আদর্শ থানা শাখা,thana11111@instance.com,15,111,11111,thana
11112,fXBDhuhX,চৌগাছা দক্ষিণ সাংগঠনিক শাখা,thana11112@instance.com,15,111,11112,thana
11101,vtiGpaVq,ঝিকরগাছা আদর্শ থানা শাখা,thana11101@instance.com,15,111,11101,thana
11103,MwhatTwZ,ঝিকরগাছা উত্তর সাংগঠনিক শাখা,thana11103@instance.com,15,111,11103,thana
11105,372QGn7m,ঝিকরগাছা দক্ষিণ সাংগঠনিক শাখা,thana11105@instance.com,15,111,11105,thana
11104,PTwgQC6A,ঝিকরগাছা পশ্চিম সাংগঠনিক শাখা,thana11104@instance.com,15,111,11104,thana
11109,nWZkD8yk,বেনাপোল আদর্শ থানা শাখা,thana11109@instance.com,15,111,11109,thana
11113,QnuKXwc3,রেনেসাঁ শিল্পী গোষ্ঠী,thana11113@instance.com,15,111,11113,thana
11106,sbujzhZC,শার্শা আদর্শ থানা শাখা,thana11106@instance.com,15,111,11106,thana
11108,bQZfPmCC,শার্শা উত্তর সাংগঠনিক শাখা,thana11108@instance.com,15,111,11108,thana
11107,EdSHeZDP,শার্শা দক্ষিণ আদর্শ থানা শাখা,thana11107@instance.com,15,111,11107,thana
11208,3QE9wSiK,কলেজ শাখা,thana11208@instance.com,15,112,11208,thana
11212,XZ8U5xZG,কালিয়া পশ্চিম,thana11212@instance.com,15,112,11212,thana
11210,gXvzvats,কালিয়া পুর্ব,thana11210@instance.com,15,112,11210,thana
11201,f6bJBAdP,নড়াইল পৌর,thana11201@instance.com,15,112,11201,thana
11209,kFEipTuH,নড়াগাতি,thana11209@instance.com,15,112,11209,thana
11204,ETQNKFYK,লোহাগড়া উত্তর,thana11204@instance.com,15,112,11204,thana
11205,zGXW6EU4,লোহাগড়া দক্ষিন,thana11205@instance.com,15,112,11205,thana
11202,C5hiwR6Z,লোহাগড়া পৌর,thana11202@instance.com,15,112,11202,thana
11207,BzY9MFEb,শাহাবাদ মডেল শাখা,thana11207@instance.com,15,112,11207,thana
11203,gPFjhuXc,সদর উত্তর,thana11203@instance.com,15,112,11203,thana
11211,c9Egdb2A,সদর দক্ষিন,thana11211@instance.com,15,112,11211,thana
11206,hmpVDFsw,সদর পুর্ব,thana11206@instance.com,15,112,11206,thana
11213,j6QXjzAX,সাংস্কৃতিক শাখা,thana11213@instance.com,15,112,11213,thana
11301,9JEcYBBz,পৌরসভা,thana11301@instance.com,15,113,11301,thana
11308,5zi9NJXu,মহম্মদপুর,thana11308@instance.com,15,113,11308,thana
11304,rCS22Zk6,মাগুরা পলিটেকনিক ইনিস্টিটিউট,thana11304@instance.com,15,113,11304,thana
11305,5RG8HtFs,মাগুরা সিদ্দিকিয়া কামিল এম.এ মাস্টার্স মাদ্রাসা,thana11305@instance.com,15,113,11305,thana
11302,MjdkQHWn,মাগুরা হোসেন শহিদ সোরাওয়ার্দী কলেজ,thana11302@instance.com,15,113,11302,thana
11309,zrGjMw6v,শালিখা,thana11309@instance.com,15,113,11309,thana
11307,4E3KNgct,শ্রীপুর,thana11307@instance.com,15,113,11307,thana
11306,9ERFwPW9,সদর,thana11306@instance.com,15,113,11306,thana
11303,yduatgB8,স্কুল বিভাগ,thana11303@instance.com,15,113,11303,thana
11411,sXNbU4jy,আইন ও শরিয়াহ অনুষদ,thana11411@instance.com,15,114,11411,thana
11432,aTFMzuvC,আব্দালপুর,thana11432@instance.com,15,114,11432,thana
11409,E4Sqvu2v,আরবী ভাষা ও সাহিত্য,thana11409@instance.com,15,114,11409,thana
11405,YchSsEmD,আল কুরআন,thana11405@instance.com,15,114,11405,thana
11406,8EZBMWgY,আল হাদিস,thana11406@instance.com,15,114,11406,thana
11431,K5iDK6XW,ইসলামপুর,thana11431@instance.com,15,114,11431,thana
11433,cg7B3Rih,উজানগ্রাম,thana11433@instance.com,15,114,11433,thana
11408,s6ZybYir,কলা অনুষদ,thana11408@instance.com,15,114,11408,thana
11425,9N8ycbJV,কাঁচেরকোল,thana11425@instance.com,15,114,11425,thana
11423,HMMXCE8R,গাড়াগঞ্জ,thana11423@instance.com,15,114,11423,thana
11413,qkne2mgr,জীব বিজ্ঞান অনুষদ,thana11413@instance.com,15,114,11413,thana
11429,ZuZXP5qc,জোড়াদহ,thana11429@instance.com,15,114,11429,thana
11435,h6Tz8YTi,ঝাউদিয়া পশ্চিম,thana11435@instance.com,15,114,11435,thana
11434,dYyyGQbJ,ঝাউদিয়া পূর্ব,thana11434@instance.com,15,114,11434,thana
11427,FpcZnqsv,ত্রিবেনী,thana11427@instance.com,15,114,11427,thana
11407,79ZG2VRE,দা’ওয়াহ,thana11407@instance.com,15,114,11407,thana
11414,4TwV3Tn8,প্রকৌশল অনুষদ,thana11414@instance.com,15,114,11414,thana
11415,Dv7Gb3bM,বিজ্ঞান অনুষদ,thana11415@instance.com,15,114,11415,thana
11416,3KnJTvDc,ব্যতিক্রম সাহিত্য সাংস্কৃতিক জোট,thana11416@instance.com,15,114,11416,thana
11412,9GhvVWRm,ব্যবসায় প্রশাসন অনুষদ,thana11412@instance.com,15,114,11412,thana
11424,Ss8nreBE,মদনডাঙ্গা,thana11424@instance.com,15,114,11424,thana
11428,TZCHAXCd,মির্জাপুর,thana11428@instance.com,15,114,11428,thana
11417,kuZTwFuk,মেস শাখা,thana11417@instance.com,15,114,11417,thana
11403,46kdhHzB,লালন শাহ হল,thana11403@instance.com,15,114,11403,thana
11402,pYjabq5n,শহিদ জিয়াউর রহমান হল,thana11402@instance.com,15,114,11402,thana
11430,MQdZUM2A,শান্তিডাঙ্গা,thana11430@instance.com,15,114,11430,thana
11404,nw9AXfEg,শাহ আজিজুুর রহমান হল,thana11404@instance.com,15,114,11404,thana
11426,cC3nMwEk,শেখপাড়া,thana11426@instance.com,15,114,11426,thana
11421,drDi8TA3,শৈলকুপা থানা,thana11421@instance.com,15,114,11421,thana
11422,xDF3Kifj,শৈলকুপা পৌরসভা,thana11422@instance.com,15,114,11422,thana
11401,rVEtNZK6,সাদ্দাম হোসেন হল,thana11401@instance.com,15,114,11401,thana
11410,9qVmRfE6,সামাজিক বিজ্ঞান অনুষদ,thana11410@instance.com,15,114,11410,thana
11510,dKjtEgMQ,কলেজ বিভাগ,thana11510@instance.com,15,115,11510,thana
11509,NuMk9dPG,কে সি কলেজ,thana11509@instance.com,15,115,11509,thana
11519,9u2rm2h4,টেক্সটাইল কলেজ,thana11519@instance.com,15,115,11519,thana
11515,SxPutbb4,ডিপ্লোমা এসোসিয়েশন,thana11515@instance.com,15,115,11515,thana
11503,bMrFjPRz,পৌর দক্ষিণ,thana11503@instance.com,15,115,11503,thana
11502,DPQk498J,পৌর পশ্চিম,thana11502@instance.com,15,115,11502,thana
11501,M49j6r4D,পৌর পূর্ব,thana11501@instance.com,15,115,11501,thana
11517,ApdVW43G,প্রভাতি,thana11517@instance.com,15,115,11517,thana
11508,FZPYkXhh,ভাটই অঞ্চল,thana11508@instance.com,15,115,11508,thana
11511,BJP7kekj,মাদ্রাসা বিভাগ,thana11511@instance.com,15,115,11511,thana
11514,b39AiGyq,মেস বিভাগ,thana11514@instance.com,15,115,11514,thana
11513,pk4dnKmY,শিক্ষা বিভাগ,thana11513@instance.com,15,115,11513,thana
11516,dygctCkG,শিশু কল্যাণ,thana11516@instance.com,15,115,11516,thana
11518,qynByGEV,সদর দক্ষিণ,thana11518@instance.com,15,115,11518,thana
11506,AkZMN3B4,সদর পশ্চিম,thana11506@instance.com,15,115,11506,thana
11504,9sB6bvgT,সদর পূর্ব -১,thana11504@instance.com,15,115,11504,thana
11505,nj5vaJPG,সদর পূর্ব -২,thana11505@instance.com,15,115,11505,thana
11512,iMpf2QUM,স্কুল বিভাগ,thana11512@instance.com,15,115,11512,thana
11507,8vyx8Ren,হলিধানী অঞ্চল,thana11507@instance.com,15,115,11507,thana
11606,x5VFBUJh,কালীগঞ্জ দক্ষিন আদর্শ থানা শাখা,thana11606@instance.com,16,116,11606,thana
11602,KianTyT6,কালীগঞ্জ আদর্শ থানা শাখা,thana11602@instance.com,16,116,11602,thana
11609,YABbTgV8,কালীগঞ্জ পূর্ব সাংগঠনিক থানা,thana11609@instance.com,16,116,11609,thana
11610,8Kmd7MSS,কালীগঞ্জ পৌর সাংগঠনিক থানা,thana11610@instance.com,16,116,11610,thana
11601,VNi5TP65,কোটচাঁদপুর আদর্শ থানা শাখা,thana11601@instance.com,16,116,11601,thana
11608,rgaaJiAz,কোটচাঁদপুর পশ্চিম সাংগঠনিক থানা,thana11608@instance.com,16,116,11608,thana
11613,HiTbVqcW,কোটচাদপুর পেীর সাং থানা শাখা,thana11613@instance.com,16,116,11613,thana
11605,FuTDQDVb,খালিশপুর আদর্শ থানা শাখা,thana11605@instance.com,16,116,11605,thana
11611,HSWgzfPM,গান্না সাংগঠনিক থানা,thana11611@instance.com,16,116,11611,thana
11603,asikWwxQ,মহেশপুর আদর্শ থানা শাখা,thana11603@instance.com,16,116,11603,thana
11607,7UxK7HYd,মহেশপুর পশ্চিম সাংগঠনিক থানা,thana11607@instance.com,16,116,11607,thana
11612,Adkh2cfs,মহেশপুর পেীর সাং থানা শাখা,thana11612@instance.com,16,116,11612,thana
11604,rHeb8pgs,হরিনাকুন্ডু আদর্শ থানা শাখা,thana11604@instance.com,16,116,11604,thana
11614,Bs2JGiMU,হরিনাকুন্ডু পেীর সাং থানা শাখা,thana11614@instance.com,16,116,11614,thana
11713,74PZnGcf,কলেজ বিভাগ,thana11713@instance.com,16,117,11713,thana
11717,bjXhtADK,কুষ্টিয়া মেডিকেল কলেজ,thana11717@instance.com,16,117,11717,thana
11704,vsa2DGES,কয়া,thana11704@instance.com,16,117,11704,thana
11708,fiufamaz,তালবাড়ীয়া,thana11708@instance.com,16,117,11708,thana
11712,u4nGy9gT,পলিটেকনিক,thana11712@instance.com,16,117,11712,thana
11701,6D4KPScB,পৌর পশ্চিম,thana11701@instance.com,16,117,11701,thana
11702,3t4bf3NT,পৌর পূর্ব,thana11702@instance.com,16,117,11702,thana
11707,qZY86bDe,বারখাদা,thana11707@instance.com,16,117,11707,thana
11709,eqpREKWj,ভাদালিয়া,thana11709@instance.com,16,117,11709,thana
11715,aYnmf8AY,মাদ্রাসা,thana11715@instance.com,16,117,11715,thana
11716,4Z6GWvCz,মেস বিভাগ,thana11716@instance.com,16,117,11716,thana
11718,BXCgYswN,ম্যাটস,thana11718@instance.com,16,117,11718,thana
11710,2Bg5qTCQ,লাহিনী,thana11710@instance.com,16,117,11710,thana
11705,ZPEssXQM,শিলাইদহ,thana11705@instance.com,16,117,11705,thana
11719,siVndA47,শিশু কল্যাণ,thana11719@instance.com,16,117,11719,thana
11703,UrDf2CQf,সদর দক্ষিণ,thana11703@instance.com,16,117,11703,thana
11711,fK3cRGNa,সরকারি কলেজ,thana11711@instance.com,16,117,11711,thana
11714,CrhRjZ8w,স্কুল বিভাগ,thana11714@instance.com,16,117,11714,thana
11706,9fsksiQJ,হরিপুর,thana11706@instance.com,16,117,11706,thana
11720,R8WUvhsR,হিল্লোল সাহিত্য সাংস্কৃতিক সংসদ,thana11720@instance.com,16,117,11720,thana
11803,6gThTwjU,কুমারখালী উত্তর থানা শাখা,thana11803@instance.com,16,118,11803,thana
11806,ZTeFM3dz,কুমারখালী দক্ষিন থানা শাখা,thana11806@instance.com,16,118,11806,thana
11810,dXjKJMS9,কুমারখালী পশ্চিম থানা শাখা,thana11810@instance.com,16,118,11810,thana
11804,RqephRi2,খোকসা উত্তর থানা শাখা,thana11804@instance.com,16,118,11804,thana
11812,GfVgApA5,খোকসা দক্ষিন থানা শাখা,thana11812@instance.com,16,118,11812,thana
11811,AfnRqW5A,দেীলতপুর উত্তর থানা শাখা,thana11811@instance.com,16,118,11811,thana
11809,VmywejvZ,দৌলতপুর দক্ষিন থানা শাখা,thana11809@instance.com,16,118,11809,thana
11802,MWmGX3pr,পোড়াদহ থানা শাখা,thana11802@instance.com,16,118,11802,thana
11805,QCdsg8pa,ভেড়ামরা থানা শাখা,thana11805@instance.com,16,118,11805,thana
11801,GPPWnNXN,মিরপুর আদর্শ শাখা,thana11801@instance.com,16,118,11801,thana
11808,XnKGiNvf,মিরপুর পশ্চিম থানা,thana11808@instance.com,16,118,11808,thana
11807,rmRUKMBt,হালসা থানা শাখা,thana11807@instance.com,16,118,11807,thana
11915,VQERzmSg,অন্বেষণ সাহিত্য সাংস্কৃতিক সংসদ,thana11915@instance.com,16,119,11915,thana
11910,VYFnyBTp,আলমডাঙ্গা থানা শাখা,thana11910@instance.com,16,119,11910,thana
11911,RiCRU3Sd,আলমডাঙ্গা পৌর শাখা,thana11911@instance.com,16,119,11911,thana
11901,tizFK3Qs,চুয়াডাঙ্গা পৌর আদর্শ থানা শাখা,thana11901@instance.com,16,119,11901,thana
11902,PVRSgdw8,চুয়াডাঙ্গা সরকারি কলেজ শাখা,thana11902@instance.com,16,119,11902,thana
11909,5pYRzSv5,জি.এ সাংগঠনিক থানা শাখা,thana11909@instance.com,16,119,11909,thana
11906,5NcP5i9S,জীবননগর আদর্শ থানা শাখা,thana11906@instance.com,16,119,11906,thana
11905,77Mk2iZM,জীবননগর পৌর থানা শাখা,thana11905@instance.com,16,119,11905,thana
11904,KsZYAHwj,দর্শনা পৌর শাখা,thana11904@instance.com,16,119,11904,thana
11903,s3KXiBjJ,দামুড়হুদা থানা শাখা,thana11903@instance.com,16,119,11903,thana
11913,FSjpMTth,বদরগঞ্জ কামিল মাদ্রাসা থানা শাখা,thana11913@instance.com,16,119,11913,thana
11914,X9FjBREV,শিশু কল্যান বিভাগ,thana11914@instance.com,16,119,11914,thana
11912,bPD6aswe,সদর পশ্চিম থানা শাখা,thana11912@instance.com,16,119,11912,thana
11908,38FqEFM8,হারদি কলেজ শাখা,thana11908@instance.com,16,119,11908,thana
11907,zefqAuhy,হাসাদাহ কামিল মাদ্রাসা থানা শাখা,thana11907@instance.com,16,119,11907,thana
12022,ifbzCVNp,গাংনী আদর্শ থানা শাখা,thana12022@instance.com,16,120,12022,thana
12027,DBBCsMXQ,গাংনী পশ্চিম থানা শাখা,thana12027@instance.com,16,120,12027,thana
12025,pPZAs3dk,বামুন্দি থানা শাখা,thana12025@instance.com,16,120,12025,thana
12023,793AHTqX,মুজিবনগর থানা শাখা,thana12023@instance.com,16,120,12023,thana
12028,QGJDmfND,মেহেরপুর সরকারি কলেজ শাখা,thana12028@instance.com,16,120,12028,thana
12021,8NQ2R4SM,শহর আদর্শ থানা শাখা,thana12021@instance.com,16,120,12021,thana
12026,EKbmyqEF,সদর পশ্চিম থানা শাখা,thana12026@instance.com,16,120,12026,thana
12024,zqAvbGhs,সদরপূর্ব থানা শাখা,thana12024@instance.com,16,120,12024,thana
12109,s3e2MgsU,BPI,thana12109@instance.com,16,121,12109,thana
12113,dYBKvP9B,কাউনিয়া,thana12113@instance.com,16,121,12113,thana
12114,ACdjreWM,নথুল্লাবাদ,thana12114@instance.com,16,121,12114,thana
12101,842ZKPzm,বন্দর,thana12101@instance.com,16,121,12101,thana
12108,FkwRFbVh,বরিশাল কলেজ,thana12108@instance.com,16,121,12108,thana
12112,VDgCVkk3,বাঘিয়া মাদ্রাসা,thana12112@instance.com,16,121,12112,thana
12107,ssBRw4C5,বিএম কলেজ,thana12107@instance.com,16,121,12107,thana
12111,rgAJCFKg,বিমানবন্দর,thana12111@instance.com,16,121,12111,thana
12102,URDWkChS,মডেল,thana12102@instance.com,16,121,12102,thana
12106,UXCsjMJH,মেডিকেল,thana12106@instance.com,16,121,12106,thana
12104,eTRZytpY,শিশুকল্যাণ,thana12104@instance.com,16,121,12104,thana
12105,uMBXRtba,সংস্কৃতি বিভাগ,thana12105@instance.com,16,121,12105,thana
12103,sdKR44jm,স্কুল বিভাগ,thana12103@instance.com,16,121,12103,thana
12110,cB2ACF89,হাতেম আলী কলেজ,thana12110@instance.com,16,121,12110,thana
12214,jhyWjUH7,আগৈলঝাড়া উপজেলা,thana12214@instance.com,16,122,12214,thana
12212,8zCSuqDT,উজিরপুর উপজেলা,thana12212@instance.com,16,122,12212,thana
12213,vGZuJBJH,উজিরপুর উপজেলা উত্তর,thana12213@instance.com,16,122,12213,thana
12207,VQSQncfH,কাজিরহাট থানা,thana12207@instance.com,16,122,12207,thana
12215,K5Q3Sdfc,গৌরনদী উপজেলা,thana12215@instance.com,16,122,12215,thana
12201,Kz3kfgnB,বাকেরগঞ্জ উপজেলা,thana12201@instance.com,16,122,12201,thana
12202,HtkGFYF8,বাকেরগঞ্জ উপজেলা পূর্ব,thana12202@instance.com,16,122,12202,thana
12211,AXy28RSA,বানারীপাড়া উপজেলা,thana12211@instance.com,16,122,12211,thana
12210,WTdnZaYQ,বাবুগঞ্জ উত্তর,thana12210@instance.com,16,122,12210,thana
12209,Xcka5Dir,বাবুগঞ্জ উপজেলা,thana12209@instance.com,16,122,12209,thana
12208,HFFYjKB4,মুলাদি উপজেলা,thana12208@instance.com,16,122,12208,thana
12203,vdGuzXTt,মেহেন্দিগঞ্জ উপজেলা,thana12203@instance.com,16,122,12203,thana
12205,Qk75cmXT,মেহেন্দিগঞ্জ উপজেলা দক্ষিণ,thana12205@instance.com,16,122,12205,thana
12204,kByBA9Hu,মেহেন্দিগঞ্জ উপজেলা পূর্ব,thana12204@instance.com,16,122,12204,thana
12206,ePmNZqxX,হিজলা উপজেলা,thana12206@instance.com,16,122,12206,thana
12404,jZCjT7AN,কাঠলিয়া উপজেলা,thana12404@instance.com,17,124,12404,thana
12403,QkVVYxCr,নলছিটি উপজেলা,thana12403@instance.com,17,124,12403,thana
12401,jRVjZZQ9,পৌরসভা,thana12401@instance.com,17,124,12401,thana
12405,vVGzNWcE,মোল্লারহাট,thana12405@instance.com,17,124,12405,thana
12402,vTiGp5Q8,রাজাপুর উপজেলা,thana12402@instance.com,17,124,12402,thana
12411,AQavf3fk,শিশু,thana12411@instance.com,17,124,12411,thana
12406,CScDgtb8,সদর উত্তর,thana12406@instance.com,17,124,12406,thana
12407,kpVvjCXB,সদর পশ্চিম,thana12407@instance.com,17,124,12407,thana
12408,9KiiGDSm,সদর পূর্ব,thana12408@instance.com,17,124,12408,thana
12410,KCTeV4KU,সরকারি কলেজ,thana12410@instance.com,17,124,12410,thana
12409,U2R2rkn7,সরকারি স্কুল,thana12409@instance.com,17,124,12409,thana
12412,QakfgWAR,সাংস্কৃতি,thana12412@instance.com,17,124,12412,thana
12527,qfgdeJ6T,আলোর দিশা শিল্পিগোষ্ঠী,thana12527@instance.com,17,125,12527,thana
12519,6tC5HYPR,কাউখালি,thana12519@instance.com,17,125,12519,thana
12518,P4MRUTmp,জিয়ানগর,thana12518@instance.com,17,125,12518,thana
12517,sZvjJ2XE,টগরা কামিল মাদরাসা,thana12517@instance.com,17,125,12517,thana
12512,MmX6bapz,নাজিরপুর,thana12512@instance.com,17,125,12512,thana
12511,XBuxBjY3,নেছারাবাদ,thana12511@instance.com,17,125,12511,thana
12513,W4pUwaan,পিরোজপুর শহর,thana12513@instance.com,17,125,12513,thana
12521,QNRQr2G4,ভান্ডারিয়া পশ্চিম,thana12521@instance.com,17,125,12521,thana
12520,k9n4s5Nc,ভান্ডারিয়া সদর,thana12520@instance.com,17,125,12520,thana
12523,9BNJr8Ev,মঠবাড়িয়া উত্তর,thana12523@instance.com,17,125,12523,thana
12524,k9JeusXT,মঠবাড়িয়া দক্ষিন,thana12524@instance.com,17,125,12524,thana
12522,dRZTpZS5,মঠবাড়িয়া পৌরসভা,thana12522@instance.com,17,125,12522,thana
12525,DgT9khTi,শিশুকল্যান বিভাগ,thana12525@instance.com,17,125,12525,thana
12514,spWSJBZu,সদর উত্তর,thana12514@instance.com,17,125,12514,thana
12515,Cb5fVAqw,সদর দক্ষিন,thana12515@instance.com,17,125,12515,thana
12516,33dHxcRJ,"সরকারি সোহরাওয়ার্দী কলেজ,পিরোজপুর",thana12516@instance.com,17,125,12516,thana
12526,J2VHXdyk,স্কুল বিভাগ,thana12526@instance.com,17,125,12526,thana
12617,UaWsbKYr,কলতান সাংস্কৃতিক সংসদ,thana12617@instance.com,17,126,12617,thana
12602,W43C95Dw,কলাপাড়া,thana12602@instance.com,17,126,12602,thana
12604,iZAHCBsP,গলাচিপা,thana12604@instance.com,17,126,12604,thana
12605,rQyeP855,দশমিনা,thana12605@instance.com,17,126,12605,thana
12607,B6EbRBnu,দুমকি,thana12607@instance.com,17,126,12607,thana
12612,SE46RmUw,পটুয়াখালী পলিটেকনিক ইন্সটিটিউট,thana12612@instance.com,17,126,12612,thana
12613,nJTzPfRy,পটুয়াখালী পৌরসভা,thana12613@instance.com,17,126,12613,thana
12608,7KUBfVrJ,পটুয়াখালী বিজ্ঞান ও প্রযুক্তি বিশ্ববিদ্যালয়,thana12608@instance.com,17,126,12608,thana
12610,vZFwfkqT,পটুয়াখালী মেডিকেল কলেজ,thana12610@instance.com,17,126,12610,thana
12611,ygKcnYgQ,পটুয়াখালী সরকারি কলেজ,thana12611@instance.com,17,126,12611,thana
12606,CCpCU4xY,বাউফল,thana12606@instance.com,17,126,12606,thana
12601,EkeAkRJf,মহিপুর,thana12601@instance.com,17,126,12601,thana
12618,D8vz3nDu,মাদরাসা,thana12618@instance.com,17,126,12618,thana
12615,2mwR8hP2,মির্জাগঞ্জ,thana12615@instance.com,17,126,12615,thana
12603,eudSGknP,রাঙ্গাবালী,thana12603@instance.com,17,126,12603,thana
12616,giRhj6R3,শিশুকল্যাণ,thana12616@instance.com,17,126,12616,thana
12609,RtuTSqNF,সদর উত্তর,thana12609@instance.com,17,126,12609,thana
12614,PnQj8rFM,সদর দক্ষিন,thana12614@instance.com,17,126,12614,thana
12619,aRSe6Gyz,স্কুল,thana12619@instance.com,17,126,12619,thana
12711,G3XrcT33,আমতলী,thana12711@instance.com,17,127,12711,thana
12712,NZ3MAqx2,তালতলী,thana12712@instance.com,17,127,12712,thana
12707,4yFJ4Pzx,পাথরঘাটা উত্তর,thana12707@instance.com,17,127,12707,thana
12708,sE99NYSB,পাথরঘাটা দক্ষিণ,thana12708@instance.com,17,127,12708,thana
12703,incvk9Fm,বরগুনা আলিয়া মাদ্রাসা,thana12703@instance.com,17,127,12703,thana
12704,cPDJcZnK,বরগুনা জেলা স্কুল,thana12704@instance.com,17,127,12704,thana
12705,agkdwStB,বরগুনা পলিটেকনিক,thana12705@instance.com,17,127,12705,thana
12701,pvPUve8n,বরগুনা শহর,thana12701@instance.com,17,127,12701,thana
12706,s3ikdD5V,বরগুনা সদর উপজেলা,thana12706@instance.com,17,127,12706,thana
12702,BReG5aRi,বরগুনা সরকারি কলেজ,thana12702@instance.com,17,127,12702,thana
12709,emVi69vm,বামনা,thana12709@instance.com,17,127,12709,thana
12710,WfhYH6Bg,বেতাগী,thana12710@instance.com,17,127,12710,thana
12713,Hgg2GZBx,শিশু বিভাগ,thana12713@instance.com,17,127,12713,thana
12714,SPbixQHN,সংস্কৃতি বিভাগ,thana12714@instance.com,17,127,12714,thana
12810,QmC3vPKy,ঘুইংগার হাট,thana12810@instance.com,17,128,12810,thana
12812,gSQAXQB9,দৌলতখান,thana12812@instance.com,17,128,12812,thana
12811,PEcyfh4D,বাংলাবাজার,thana12811@instance.com,17,128,12811,thana
12815,cJR4niza,বি পি আই,thana12815@instance.com,17,128,12815,thana
12813,JMgUg5rM,বোরহানউদ্দিন আলিয়া,thana12813@instance.com,17,128,12813,thana
12814,UJpC9vbX,বোরহানউদ্দিন উত্তর,thana12814@instance.com,17,128,12814,thana
12806,cdTVurzf,ভোলা আলিয়া,thana12806@instance.com,17,128,12806,thana
12809,AfBWmeb7,ভোলা কলেজ আবাসিক,thana12809@instance.com,17,128,12809,thana
12807,nAy2YK25,ভোলা পৌরসভা,thana12807@instance.com,17,128,12807,thana
12801,EsbgVDVr,ভোলা সদর উ্ত্তর,thana12801@instance.com,17,128,12801,thana
12805,zyJtYwpB,ভোলা সদর দক্ষিন,thana12805@instance.com,17,128,12805,thana
12803,WkKNZCAY,ভোলা সদর পশ্চিম,thana12803@instance.com,17,128,12803,thana
12804,ewCJcPHf,ভোলা সদর পূর্ব,thana12804@instance.com,17,128,12804,thana
12808,7yAKmizZ,ভোলা সরকারি কলেজ ক্যাম্পাস,thana12808@instance.com,17,128,12808,thana
12802,bQZZR9pN,মৌলভীর হাট,thana12802@instance.com,17,128,12802,thana
12818,ibyZyJ3F,শহর স্কুল,thana12818@instance.com,17,128,12818,thana
12816,tF4EBX8e,শিশু কল্যান,thana12816@instance.com,17,128,12816,thana
12817,H2dANV2j,সংস্কৃতি,thana12817@instance.com,17,128,12817,thana
12904,PJ6wUCdy,কুঞ্জেরহাট,thana12904@instance.com,17,129,12904,thana
12910,eGqmPAYS,চরফ্যাশন উপজেলা,thana12910@instance.com,17,129,12910,thana
12909,MhNXce3i,চরফ্যাশন পৌরসভা,thana12909@instance.com,17,129,12909,thana
12905,tbUQ8TWP,তজুমদ্দিন উপজেলা,thana12905@instance.com,17,129,12905,thana
12912,PcCexAYF,দুলারহাট থানা,thana12912@instance.com,17,129,12912,thana
12906,hWnN6Cn8,দ্বীপাঞ্চল শিল্পী গোষ্টী,thana12906@instance.com,17,129,12906,thana
12902,YDzkPhEg,বোরহানউদ্দিন দক্ষিন,thana12902@instance.com,17,129,12902,thana
12903,hZAqvGiJ,বোরহানউদ্দিন পূর্ব,thana12903@instance.com,17,129,12903,thana
12901,tPY263vP,বোহানউদ্দিন পৌরসভা,thana12901@instance.com,17,129,12901,thana
12913,W3H6YmK9,মনপুরা উপজেলা,thana12913@instance.com,17,129,12913,thana
12907,Tn55iJ68,লালমোহন উত্তর,thana12907@instance.com,17,129,12907,thana
12908,fbJnGmWQ,লালমোহন দক্ষিন,thana12908@instance.com,17,129,12908,thana
12911,FDtCRHFT,শশীভূষন,thana12911@instance.com,17,129,12911,thana
13008,WTSrfBgZ,ইবনে সিনা মেডিকেল কলেজ,thana13008@instance.com,17,130,13008,thana
13010,HPnhVGrQ,ঢাকা উত্তর মেডিকেল থানা,thana13010@instance.com,17,130,13010,thana
13005,ygdk7zu6,ঢাকা ডেন্টাল কলেজ,thana13005@instance.com,17,130,13005,thana
13001,aTfUHdf9,ঢাকা মেডিকেল কলেজ,thana13001@instance.com,17,130,13001,thana
13009,C8wChD3x,ধানমন্ডি মেডিকেল থানা,thana13009@instance.com,17,130,13009,thana
13006,cAVcTDVS,প্রাইভেট মেডিকেল ও  ডেন্টাল থানা,thana13006@instance.com,17,130,13006,thana
13007,ekekdHbN,মিরপুর মেডিকেল থানা,thana13007@instance.com,17,130,13007,thana
13004,fJKJmcAq,মুগদা মেডিকেল কলেজ,thana13004@instance.com,17,130,13004,thana
13003,XWPWgXRc,শহীদ সোহরাওয়ারদী মেডিকেল কলেজ,thana13003@instance.com,17,130,13003,thana
13002,hcTUJ5xZ,স্যার সলিমুল্লাহ মেডিকেল কলেজ,thana13002@instance.com,17,130,13002,thana
13203,d3DhpJ7a,কিশোর বিভাগ,thana13203@instance.com,18,132,13203,thana
13202,BD9QTPbF,থিয়েটার বিভাগ,thana13202@instance.com,18,132,13202,thana
13204,S2MEMqBK,শিশু বিভাগ,thana13204@instance.com,18,132,13204,thana
13201,d46dSJM7,সংগীত বিভাগ,thana13201@instance.com,18,132,13201,thana
13412,DXcFRP4V,গড়েয়া,thana13412@instance.com,18,134,13412,thana
13407,jyEhhAtg,চৌধুরিহাট,thana13407@instance.com,18,134,13407,thana
13401,tkQ7wE6m,ঠাকুরগাঁও সরকারি কলেজ,thana13401@instance.com,18,134,13401,thana
13418,vNxVXqSd,দানারহাট ফাযিল মাদরাসা,thana13418@instance.com,18,134,13418,thana
13404,VDj9TWcV,পলিটেকনিক,thana13404@instance.com,18,134,13404,thana
13405,JZTwP8NA,পৌর পশ্চিম,thana13405@instance.com,18,134,13405,thana
13406,XEYd3BNU,পৌর পূর্ব,thana13406@instance.com,18,134,13406,thana
13409,5aJhEKf5,ফাড়াবাড়ি,thana13409@instance.com,18,134,13409,thana
13408,QAw58Wq6,ভুল্লি,thana13408@instance.com,18,134,13408,thana
13414,mFyGUAcb,রুহিয়া,thana13414@instance.com,18,134,13414,thana
13415,AuMAFsGd,শিবগঞ্জ পশ্চিম,thana13415@instance.com,18,134,13415,thana
13416,pBxsW9JF,শিবগঞ্জ পূর্ব,thana13416@instance.com,18,134,13416,thana
13421,bKUJzxUV,শিশু কল্যাণ,thana13421@instance.com,18,134,13421,thana
13410,f82bgBpJ,সদর উত্তর,thana13410@instance.com,18,134,13410,thana
13417,jnqrCCTM,সদর দক্ষিণ,thana13417@instance.com,18,134,13417,thana
13413,TtT7AAGE,সদর পশ্চিম,thana13413@instance.com,18,134,13413,thana
13411,V2VCMauk,সদর পূর্ব,thana13411@instance.com,18,134,13411,thana
13420,uGkzhgTG,সাংবাদিক ফোরাম,thana13420@instance.com,18,134,13420,thana
13419,KppxGQkS,সাইক্লোন সাহিত্য সাংস্কৃতিক সংসদ,thana13419@instance.com,18,134,13419,thana
13402,GqjTCTgZ,সালন্দর মাদরাসা,thana13402@instance.com,18,134,13402,thana
13403,r72Bh3Sm,স্কুল বিভাগ,thana13403@instance.com,18,134,13403,thana
13507,dec9Yefd,আইডিয়াল মাদ্রাসা,thana13507@instance.com,18,135,13507,thana
13505,jGDEv8d6,আবাসিক উত্তর,thana13505@instance.com,18,135,13505,thana
13506,qxnS5ApZ,আবাসিক দক্ষিণ,thana13506@instance.com,18,135,13506,thana
13513,C3ChP8Ft,আব্দুস সালাম হল,thana13513@instance.com,18,135,13513,thana
13503,rAYQViwV,আর্টস ফ্যাকাল্টি,thana13503@instance.com,18,135,13503,thana
13502,JMe3jBBv,ইঞ্জিনিয়ারিং ফ্যাকাল্টি,thana13502@instance.com,18,135,13502,thana
13509,hrdXbJVe,উত্তর ওয়াপদা,thana13509@instance.com,18,135,13509,thana
13504,zmS5ubbe,ছাত্রাবাস,thana13504@instance.com,18,135,13504,thana
13512,4ucwZRej,ফোরাম,thana13512@instance.com,18,135,13512,thana
13508,xmMpxfRd,মান্নান নগর,thana13508@instance.com,18,135,13508,thana
13514,Ccyn3QxB,মালেক উকিল হল,thana13514@instance.com,18,135,13514,thana
13511,BcMRuyy4,শিক্ষা বিভাগ,thana13511@instance.com,18,135,13511,thana
13501,345nw3sW,সাইন্স ফ্যাকাল্টি,thana13501@instance.com,18,135,13501,thana
13510,jY4ZAihK,স্বজন সাংষ্কৃতিক সংসদ,thana13510@instance.com,18,135,13510,thana
13615,G75G5Hun,আল-ইত্তিহাদ ফাউন্ডেশন,thana13615@instance.com,18,136,13615,thana
13602,DgJRf4Nb,আলিম,thana13602@instance.com,18,136,13602,thana
13611,9equv8Aq,গাজীপুরা থানা,thana13611@instance.com,18,136,13611,thana
13612,gMexEPpc,টঙ্গী পশ্চিম থানা,thana13612@instance.com,18,136,13612,thana
13608,vGXZy7Fr,ট্রাস্ট পশ্চিম,thana13608@instance.com,18,136,13608,thana
13607,JVukXHWT,ট্রাস্ট পূর্ব,thana13607@instance.com,18,136,13607,thana
13606,wbDbgbcv,তিতুমীর হল,thana13606@instance.com,18,136,13606,thana
13614,aFKWE2Fr,তুরাগ শিল্পী গোষ্ঠী,thana13614@instance.com,18,136,13614,thana
13603,XknkPAAy,দাখিল,thana13603@instance.com,18,136,13603,thana
13601,63KqWB9r,ফাযিল কামিল,thana13601@instance.com,18,136,13601,thana
13610,EWPMRaPQ,বালাদিল আমীন পশ্চিম,thana13610@instance.com,18,136,13610,thana
13609,6328DWyK,বালাদিল আমীন পূর্ব,thana13609@instance.com,18,136,13609,thana
13616,t8jUF4wA,মিল্লাত ক্যারিয়ার কাউন্সিল-এমসিসি,thana13616@instance.com,18,136,13616,thana
13605,xMxKRbB7,শরীয়তুল্লাহ হল,thana13605@instance.com,18,136,13605,thana
13604,BedQPTCB,সোনালী আসর,thana13604@instance.com,18,136,13604,thana
13613,fqHSpkRc,স্কুল,thana13613@instance.com,18,136,13613,thana
13711,kPy9HcYd,আলিয়া মাদ্রাসা,thana13711@instance.com,18,137,13711,thana
13706,KJ2NpRFS,তাজহাট উত্তর,thana13706@instance.com,18,137,13706,thana
13705,rDqxbxBx,তাজহাট দক্ষিন,thana13705@instance.com,18,137,13705,thana
13708,YsbfhxbQ,দেউতি,thana13708@instance.com,18,137,13708,thana
13701,EMaFNa9u,বিজ্ঞান,thana13701@instance.com,18,137,13701,thana
13715,wiydujmt,বিবিএ,thana13715@instance.com,18,137,13715,thana
13707,wnX6aYEe,মাহিগঞ্জ,thana13707@instance.com,18,137,13707,thana
13704,QjbyaSKu,রঙ্গন,thana13704@instance.com,18,137,13704,thana
13714,VZt9hdHA,শিশু কল্যাণ,thana13714@instance.com,18,137,13714,thana
13710,FGci6FGK,সানরাইজ,thana13710@instance.com,18,137,13710,thana
13702,sJ2Ehhua,সামাজিক বি. থানা,thana13702@instance.com,18,137,13702,thana
13709,Un5PWcUK,স্কুল,thana13709@instance.com,18,137,13709,thana
13703,9ZckCshE,হল,thana13703@instance.com,18,137,13703,thana
13906,ZDW2y8H5,আনোয়ারা শহর আদর্শ থানা শাখা,thana13906@instance.com,18,139,13906,thana
13908,UBx7eKaa,কর্ণফুলি থানা শাখা,thana13908@instance.com,18,139,13908,thana
13919,a46PH5pZ,কে বি থানা শাখা,thana13919@instance.com,18,139,13919,thana
13916,4DvfPZkF,দারুল হিকমা,thana13916@instance.com,18,139,13916,thana
13911,9qgnnhWA,পটিয়া কলেজ আদর্শ থানা শাখা,thana13911@instance.com,18,139,13911,thana
13909,WzJxftcS,পটিয়া পশ্চিম থানা শাখা,thana13909@instance.com,18,139,13909,thana
13912,qdjkwNQP,পটিয়া শহর আদর্শ থানা শাখা,thana13912@instance.com,18,139,13912,thana
13904,FEXEpu3G,বাঁশখালী উত্তর আদর্শ থানা শাখা,thana13904@instance.com,18,139,13904,thana
13901,uFggajhy,বাঁশখালী দক্ষিণ থানা শাখা,thana13901@instance.com,18,139,13901,thana
13902,VQjYcFgA,বাঁশখালী মধ্যম থানা শাখা,thana13902@instance.com,18,139,13902,thana
13903,WgKXDxrB,বাঁশখালী শহর আদর্শ থানা শাখা,thana13903@instance.com,18,139,13903,thana
13915,cKfijDPE,বোয়ালখালী পূর্ব আদর্শ থানা শাখা,thana13915@instance.com,18,139,13915,thana
13914,3iS6KNmQ,বোয়ালখালী শহর আদর্শ থানা শাখা,thana13914@instance.com,18,139,13914,thana
13920,mTajBHhH,শিশুকল্যান,thana13920@instance.com,18,139,13920,thana
13917,yVgPNzEV,সুরতরী সাহিত্য ও সাংস্কৃতিক সংসদ,thana13917@instance.com,18,139,13917,thana
14110,uSb3BGUr,ইটাখোলা,thana14110@instance.com,18,141,14110,thana
14113,TjudgGuc,উসাস,thana14113@instance.com,18,141,14113,thana
14109,f2bHcMWz,কুন্দুপুকুর,thana14109@instance.com,18,141,14109,thana
14111,BNNWFhYH,টুপামারী,thana14111@instance.com,18,141,14111,thana
14101,hx9VqUDj,নীলফামারী পৌরসভা,thana14101@instance.com,18,141,14101,thana
14102,jP7X28yr,নীলফামারী সরকারী কলেজ,thana14102@instance.com,18,141,14102,thana
14112,jAMbCVTS,রামনগর,thana14112@instance.com,18,141,14112,thana
14114,5uD7abXh,শিশুকল্যাণ,thana14114@instance.com,18,141,14114,thana
14105,uH35UVwE,সদর উত্তর,thana14105@instance.com,18,141,14105,thana
14106,R8uZ6hcY,সদর দক্ষিণ,thana14106@instance.com,18,141,14106,thana
14104,VUfa8k2C,সদর পশ্চিম,thana14104@instance.com,18,141,14104,thana
14103,PEfSD2EN,সদর পূর্ব,thana14103@instance.com,18,141,14103,thana
14107,4UheAuFS,সৈয়দপুর পৌরসভা,thana14107@instance.com,18,141,14107,thana
14108,BeqswAjc,সোনাখুলী,thana14108@instance.com,18,141,14108,thana
14208,CCa94G5N,আল হেলাল সাংস্কৃতিক সংসদ,thana14208@instance.com,19,142,14208,thana
14206,Np7iwNkn,গোমস্তাপুর পশ্চিম আদর্শ থানা,thana14206@instance.com,19,142,14206,thana
14205,fcAjdgc3,গোমস্তাপুর পূর্ব থানা,thana14205@instance.com,19,142,14205,thana
14203,WHCYvuYS,নাচোল পশ্চিম থানা,thana14203@instance.com,19,142,14203,thana
14207,g7YpNdY3,নাচোল পূর্ব থানা,thana14207@instance.com,19,142,14207,thana
14201,BSGciC2x,ভোলাহাট পশ্চিম আদর্শ থানা,thana14201@instance.com,19,142,14201,thana
14202,RSYsQGJZ,ভোলাহাট পূর্ব আদর্শ থানা,thana14202@instance.com,19,142,14202,thana
14211,Uyn5PbxB,রহনপুর ইউসুফ আলী সরকারী কলেজ,thana14211@instance.com,19,142,14211,thana
14204,tYMvVfPJ,রহনপুর পৌরসভা আদর্শ থানা,thana14204@instance.com,19,142,14204,thana
14209,QJkfZHbj,স্কুল বিভাগ,thana14209@instance.com,19,142,14209,thana
14307,cV9FWCV5,CZ,thana14307@instance.com,19,143,14307,thana
14305,QmnDmT39,EZ,thana14305@instance.com,19,143,14305,thana
14306,2pceK4UX,EZ-2,thana14306@instance.com,19,143,14306,thana
14308,pFyKwdRP,FZ,thana14308@instance.com,19,143,14308,thana
14303,CSV8cKxR,MZ-1,thana14303@instance.com,19,143,14303,thana
14304,u4HijB9X,MZ-2,thana14304@instance.com,19,143,14304,thana
14309,QWBJETk6,Step Up,thana14309@instance.com,19,143,14309,thana
14301,GhxvhR9h,WZ-1,thana14301@instance.com,19,143,14301,thana
14302,6ZachPsk,WZ-2,thana14302@instance.com,19,143,14302,thana
14411,Cn23tmGv,আইডিয়াল ফোরাম,thana14411@instance.com,19,144,14411,thana
14406,KD5F2Mer,ই এস,thana14406@instance.com,19,144,14406,thana
14410,6KG3UxVw,উচ্চারণ সাহিত্য সংসদ,thana14410@instance.com,19,144,14410,thana
14404,KAgDakSa,এল এ,thana14404@instance.com,19,144,14404,thana
14403,emkMmaqt,এসএসবি,thana14403@instance.com,19,144,14403,thana
14408,Dq5cAqxi,ক্রিয়েটিভ ইন্সটিটিউট,thana14408@instance.com,19,144,14408,thana
14401,n6hzUqgT,টুঙ্গিপাড়া,thana14401@instance.com,19,144,14401,thana
14402,AuFU3Sc8,প্রবাহ,thana14402@instance.com,19,144,14402,thana
14407,Ais3uHNv,মধুমতি,thana14407@instance.com,19,144,14407,thana
14409,NAWYDT8a,রূপান্তর্ সাংস্কৃতিক সংসদ,thana14409@instance.com,19,144,14409,thana
14412,eJ9gnqk4,শিশু কল্যান,thana14412@instance.com,19,144,14412,thana
14405,SsQeJS8t,হল,thana14405@instance.com,19,144,14405,thana
14505,8md49Yic,আর্টস ফ্যাকাল্টি থানা,thana14505@instance.com,19,145,14505,thana
14511,irTs7sEc,ফোরাম থানা,thana14511@instance.com,19,145,14511,thana
14502,DMmi9Cbc,বায়োসাইন্স এন্ড ইঞ্জিনিয়ারিং ফ্যাকাল্টি থানা,thana14502@instance.com,19,145,14502,thana
14504,UfeNfFG6,বিএসএস ফ্যাকাল্টি থানা,thana14504@instance.com,19,145,14504,thana
14503,x7t27C2B,বিজনেস স্টাডিজ ফ্যাকাল্টি থানা,thana14503@instance.com,19,145,14503,thana
14510,xiVZU5Eu,বিজয়-২৪ হল,thana14510@instance.com,19,145,14510,thana
14507,VruQGigx,বিশ্ববিদ্যালয় আবাসিক পশ্চিম থানা,thana14507@instance.com,19,145,14507,thana
14508,NGRTHQGW,বিশ্ববিদ্যালয় আবাসিক পূর্ব থানা,thana14508@instance.com,19,145,14508,thana
14509,taE9KM6b,শেরেবাংলা হল,thana14509@instance.com,19,145,14509,thana
14513,cNPNQNMd,সংকল্প সাংস্কৃতিক সংসদ,thana14513@instance.com,19,145,14513,thana
14501,6XzGDGV9,সাইন্স ফ্যাকাল্টি থানা,thana14501@instance.com,19,145,14501,thana
14506,QNW3DsvK,সাগরদি ইসলামিয়া কামিল মাদ্রাসা থানা,thana14506@instance.com,19,145,14506,thana
14512,uCVX7DjN,স্কুল বিভাগ থানা,thana14512@instance.com,19,145,14512,thana
14603,CRNscEUk,কলা অনুষদ,thana14603@instance.com,19,146,14603,thana
14606,RxjSMAKM,ত্রিশাল পৌর,thana14606@instance.com,19,146,14606,thana
14604,thsHjMQ2,বিজ্ঞান  ও প্রকৌশল অনুষদ,thana14604@instance.com,19,146,14604,thana
14602,7Ez7Xfcf,বিবিএ অনুষদ,thana14602@instance.com,19,146,14602,thana
14607,WAQkV8jj,শিক্ষা বিভাগ,thana14607@instance.com,19,146,14607,thana
14601,zW9ZMfgM,সামাজিক বিজ্ঞান অনুষদ,thana14601@instance.com,19,146,14601,thana
14605,NsV7i4ft,হল থানা,thana14605@instance.com,19,146,14605,thana
14703,GgWrdByA,AP,thana14703@instance.com,19,147,14703,thana
14711,jdhTrNJm,BUBT,thana14711@instance.com,19,147,14711,thana
14704,7mizwrri,CU,thana14704@instance.com,19,147,14704,thana
14701,gDwYg6WW,DCS,thana14701@instance.com,19,147,14701,thana
14702,WYrYz8uw,DEA,thana14702@instance.com,19,147,14702,thana
14708,f34aTFmm,MDP,thana14708@instance.com,19,147,14708,thana
14706,Th4KDQ8R,MHA,thana14706@instance.com,19,147,14706,thana
14712,whXNrYE4,MLM,thana14712@instance.com,19,147,14712,thana
14707,iesiqVKM,MP,thana14707@instance.com,19,147,14707,thana
14705,EskZ4RYB,MS,thana14705@instance.com,19,147,14705,thana
14714,UrpgAmNe,PUW JF,thana14714@instance.com,19,147,14714,thana
14709,HcMsHA8j,SU,thana14709@instance.com,19,147,14709,thana
14710,UqdZSkBp,UAP,thana14710@instance.com,19,147,14710,thana
14713,knnQVwhY,আজাদী সাংস্কৃতিক সংসদ,thana14713@instance.com,19,147,14713,thana
14803,UbcbEDNt,ইঞ্জিনিয়ারিং জোন,thana14803@instance.com,20,148,14803,thana
14807,ufMXqXkR,চেহেলগাজী,thana14807@instance.com,20,148,14807,thana
14804,aYQSabQp,জিয়া হল,thana14804@instance.com,20,148,14804,thana
14809,HrJAfHcB,ফাজিলপুর,thana14809@instance.com,20,148,14809,thana
14808,N7ZCZhmp,ফার্মের হাট,thana14808@instance.com,20,148,14808,thana
14805,gnEErWWc,বিজয়-২৪ হল,thana14805@instance.com,20,148,14805,thana
14802,wQiduzCi,বিবিএ জোন,thana14802@instance.com,20,148,14802,thana
14806,8KtCUmmr,শহীদ আবরার ফাহাদ হল,thana14806@instance.com,20,148,14806,thana
14801,ZHAsMFAm,সায়েন্স জোন,thana14801@instance.com,20,148,14801,thana
14810,fKRzc7Ba,সুন্দরবন,thana14810@instance.com,20,148,14810,thana
14901,ajJfaGDk,ইন্জিনিয়ারিং অনুষদ,thana14901@instance.com,20,149,14901,thana
14907,DPJzYBPA,চুড়ামনকাটি পশ্চিম,thana14907@instance.com,20,149,14907,thana
14908,yGhAdXEv,চুড়ামনকাটি পূর্ব,thana14908@instance.com,20,149,14908,thana
14902,rTgCknhe,জীববিজ্ঞান অনুষদ,thana14902@instance.com,20,149,14902,thana
14909,aXmHWgzN,তথ্য বিভাগ,thana14909@instance.com,20,149,14909,thana
14906,ZSYA27Sn,পদ্মা,thana14906@instance.com,20,149,14906,thana
14910,bnBmGMcs,ফোরাম,thana14910@instance.com,20,149,14910,thana
14904,7TTZEvxX,বিজ্ঞান অনুষদ,thana14904@instance.com,20,149,14904,thana
14903,Pk22bweB,ব্যবসা অনুষদ,thana14903@instance.com,20,149,14903,thana
14905,GXmYQzpR,মেঘনা,thana14905@instance.com,20,149,14905,thana
40101,HP68gxbt,শেরেবাংলা কৃষি বিশ্ববিদ্যালয়,thana40101@instance.com,20,401,40101,thana
40301,YnEiCzCC,মেধা কানন,thana40301@instance.com,20,403,40301,thana
40401,8ZKuV25f,ক্যাম্পাস,thana40401@instance.com,20,404,40401,thana
40501,RScPaGUg,সবুজ ক্যাম্পাস,thana40501@instance.com,20,405,40501,thana
